ID,Organizer,Title,text_string
10_o-17_concept_note1.pdf,"Répertoire International de Littérature Musicale (RILM), in collaboration with","Governing Cultural Knowledge in the Age of AI: Multilingual Heritage,","CONCEPT NOTE First Session of the Global Dialogue on AI Governance 6–7 July 2026 I Palexpo, Geneva Governing Cultural Knowledge in the Age of AI: Multilingual Heritage,  Metadata, and Human Stewardship Date & Time:  Tuesday, 7 July 2026, 18:00–18:45 CEST Organizers: Répertoire International de Littérature Musicale (RILM), in collaboration with  the CUNY Graduate Center in New York, and RILM Europa Background and focus What does AI governance mean for multilingual knowledge infrastructures and the  preservation of global heritage? This session explores how multilingual cultural and  knowledge infrastructures can contribute to trustworthy and inclusive AI governance.  Drawing on the Répertoire International de Littérature Musicale’s six decades of  experience in global cultural safeguarding, documentation, and metadata curation  across 180 languages, panelists will discuss provenance, linguistic diversity, human  editorial stewardship, and interoperability as practical foundations for ethical AI in  education and research. The session highlights approaches to the inclusion and  preservation of underrepresented knowledge traditions, as well as ethical cultural data  exchange within emerging AI ecosystems. Speakers and Format 45-minute panel discussion Tina Frühauf (Germany/USA) is Director of the Barry S. Brook Center for Music Research  and Documentation at the CUNY Graduate Center in New York City, and Executive  Director of RILM.   Farah Zahra (Lebanon/USA) is Editor at RILM, focusing on Arabic, French, and Persian  publications. She serves as RILM’s liaison for the Institut du Monde Arabe.  Guillaume Hérisson (France/USA) is an accomplished computer scientist and linguist,  with 20 years of experience in developments for natural language and text mining  applications.  Focal Point/Contact: Tina Frühauf, tfruhauf@rilm.org Short description for the program This session explores how multilingual cultural and knowledge infrastructures can  contribute to trustworthy and inclusive AI governance. Drawing on the Répertoire  International de Littérature Musicale’s six decades of experience in global cultural  safeguarding, documentation, and metadata curation across 180 languages, panelists  will discuss provenance, linguistic diversity, human editorial stewardship, and  interoperability as practical foundations for ethical AI in education and research. Connection link: Zoom RILM Account is inviting you to a scheduled Zoom meeting. Topic: Governing Cultural Knowledge in the Age of AI: Multilingual Heritage, Metadata,  and Human Stewardship Time: Jul 7, 2026 12:00 PM Eastern Time (US and Canada) Join Zoom Meeting https://gc-cuny-edu.zoom.us/j/87314510162?pwd=UJb5W58772sLQ02eRnf1gy8qXcKfkF.1 Meeting chat link https://gc-cuny-edu.zoom.us/launch/jc/87314510162 Meeting ID: 873 1451 0162 Passcode: 723073 --- One tap mobile +13602095623,,87314510162#,,,,*723073# US  +13863475053,,87314510162#,,,,*723073# US --- Join by SIP • 87314510162@zoomcrc.com Join instructions https://gc-cuny-edu.zoom.us/meetings/87314510162/invitations? signature=gzMntzlOBz9DCbiK3L5M43ipLL1aRSjz_vnCcoOP_WI"
11_o-18_ai_dialogue_concept_note_ucl.pdf,University College London (UCL),Operationalizing Responsible AI in High-Stakes Contexts,"CONCEPT NOTE    First Session of the Global Dialogue on AI Governance  6–7 July 2026 I Palexpo, Geneva    Operationalizing Responsible AI in High-Stakes Contexts    Date & Time:  07 July 2026, 14:15–15:00 CEST    Organizers:  University College London (UCL)     Background and focus  This side event addresses a critical governance gap: the disconnect between high-level AI  governance principles and their translation into situated practice in data-sensitive, multi- stakeholder environments such as humanitarian response. Existing risk-centric approaches to AI  governance emphasise technical failures – hallucinations, security vulnerabilities, adversarial  attacks – while underplaying misalignments between developers, operational agencies, and  affected communities over what counts as “safe enough,” who is accountable, and whether AI  tools entrench structural inequalities.  Drawing on the concept of AI responsibility rifts (AIRRs), the session will examine how governance  gaps manifest acutely in humanitarian and crisis-affected settings, where AI tools shape  decisions about who receives aid or information, yet those most affected have the least influence  over their design and governance. AIRRs name the specific points of disagreement between  developers, operational agencies, and affected communities that risk-based frameworks alone  fail to surface.   The event showcases AIRR-sensitive approaches, from project-level diagnostics to reference  models for UN-level governance discussions. It brings together practitioners already applying this  lens in the field to highlight the importance of governance approaches that are sensitive to local  realities and centered on the lived experience of those affected by AI systems.    Speakers and Format  Format: a moderated panel discussion followed by audience Q&A  Speakers:  • Shivaang Sharma – Assistant Professor (Lecturer) in Innovation and Entrepreneurship at  the UCL Global Business School for Health   • Madigan Johnson – Head of Communications at Data Friendly Space  • Brent Phillips – Founder at Humanitarian AI Today  • Valentin Pistorozzi – Founder at BoldCode_    The session will open with a short framing presentation from Dr. Shivaang Sharma introducing AI  responsibility rifts (AIRRs), followed by a panel discussion in which speakers from organisations in  the humanitarian sector examine how the AIRRs lens has surfaced disagreements between  developers, humanitarian agencies, and affected communities in their own work, and how it has  helped prioritise governance interventions. The format is designed to foreground practitioner  experience from across the humanitarian AI ecosystem rather than a traditional presentation-only  format. The final portion will invite audience Q&A and focus on identifying concrete next steps for  embedding AIRR-sensitive governance within global practices.    Focal Point/Contact:  Elise Pi, Policy Adviser, UCL Policy Impact Unit  elise.pi@ucl.ac.uk"
12_o-19_ai_dialogue_concept_note_humancentredaigov1.pdf,Academy Achievers (#BeMeDigitalInclusion),"Human-Centred AI Governance: Bridging Skills, Ethics, Inclusion and the","CONCEPT NOTE First Session of the Global Dialogue on AI Governance 6–7 July 2026 I Palexpo, Geneva Human-Centred AI Governance: Bridging Skills, Ethics, Inclusion and the  Future of Work Date & Time: 7 July 2026, 13:30–14:15 Geneva CEST | (45-minute online side event) Organiser: Academy Achievers (#BeMeDigitalInclusion) Artificial intelligence is reshaping every sector of society, making inclusive and human- centred governance more important than ever. This interactive keynote explores  practical approaches to AI governance through the lenses of skills development, ethics,  digital inclusion and the future of work, demonstrating how global principles can be  translated into meaningful action across education, industry and communities. Background and focus Artificial intelligence is transforming economies, education systems, labour markets and  public services at an unprecedented pace. While AI presents significant opportunities to  accelerate innovation and sustainable development, it also raises important questions  about governance, ethics, equity, workforce transformation and public trust. As  governments and organisations develop AI policies and regulatory frameworks, there is  an increasing need to ensure that implementation remains human-centred, inclusive and  responsive to the needs of diverse communities. This keynote explores how human-centred AI governance can bridge the gap between  global policy discussions and practical implementation. Drawing on experiences from  education, workforce development, digital inclusion and responsible AI initiatives across   the United Kingdom and Africa, the session will examine how governments, educators,  industry and civil society can work together to build AI ecosystems that create  opportunity while protecting human dignity and promoting trust. The keynote will focus on five interconnected themes: responsible AI governance; AI  literacy and skills development; ethics and public trust; digital inclusion; and the future of  work. Particular emphasis will be placed on ensuring women, young people and  underserved communities are not only prepared for an AI-enabled economy but are  actively involved in shaping it. Aligned with the objectives of the Global Dialogue on AI Governance, the session will  encourage international collaboration, knowledge exchange and practical capacity- building. Participants will gain actionable insights that support responsible AI adoption,  strengthen digital capability and contribute to inclusive, resilient and trusted AI  ecosystems. The discussion also supports broader efforts towards achieving the  Sustainable Development Goals by promoting equitable access to AI opportunities and  ensuring that technological progress benefits society as a whole. Speakers and Format Format: 45-minute interactive online keynote presentation followed by moderated  audience discussion. Speaker: Paulette Watson MBE – Founder and Managing Director, Academy Achievers;  Global Lead, #BeMeDigitalInclusion. Paulette Watson MBE is an AI governance advisor, educator, author and international  speaker whose work focuses on responsible AI, digital inclusion, STEM education and  workforce transformation across the United Kingdom and Africa. Through Academy  Achievers and the #BeMeDigitalInclusion initiative, she collaborates with governments,  educational institutions, industry and community organisations to expand equitable  access to digital skills and support human-centred approaches to AI adoption. The keynote will explore practical strategies for translating AI governance principles into  action through education, workforce development and inclusive innovation. Drawing on  cross-sector experience and international collaboration, the presentation will  demonstrate how responsible AI can strengthen public trust, expand participation and  prepare communities for the future of work.  The final part of the session will be dedicated to audience questions and discussion,  encouraging participants to exchange perspectives, identify shared challenges and  explore practical actions that advance responsible, inclusive and human-centred AI  governance across regions and sectors. She has contributed to responsible AI and digital inclusion initiatives across the UK and  Africa and regularly advises organisations on human-centred AI, workforce  transformation and digital skills. Focal Point/Contact: Paulette Watson MBE Founder & Managing Director, Academy Achievers Global Lead, #BeMeDigitalInclusion Email: info@paulettewatson.com Website: https://www.academyachievers.io/ LinkedIn: https://www.linkedin.com/in/paulette-watsonmbe For programme enquiries, speaker information or participation, please contact the focal  point using the details above. Google Link: Human-Centred AI Governance: Bridging Skills, Ethics, Inclusion and the Future of Work Tuesday, 7 July · 11:30 – 12:15 Time zone: Europe/London Google Meet joining info Video call link: https://meet.google.com/ipw-pvcz-ffc Or dial: (ZA) +27 10 823 0320 PIN: 533 935 263 2633# More phone numbers: https://tel.meet/ipw-pvcz-ffc?pin=5339352632633"
13_o-20_equity_lens_ai_dialogue_concept_note_template_v3_clean1.pdf,Working Group on Equal Opportunities (AKC) of the German Physical Society (DPG),"Workshop on “Equity Lens: AI Guardrails for Fair Talent Selection,","CONCEPT NOTE First Session of the Global Dialogue on AI Governance 6–7 July 2026 I Palexpo, Geneva Workshop on “Equity Lens: AI Guardrails for Fair Talent Selection,  Recognition, and Opportunity” Date & Time:  Monday, 6 July 2026 | 14:00–14:45 CEST Organizers:  Working Group on Equal Opportunities (AKC) of the German Physical Society (DPG) Co-organizer: Sumiko Shimo, Expert member of UNESCO AI Ethics without Borders &  Women for Ethical AI, G20 Technical Facility, ISO/IEC SC42 on AI Contributors:  Dr. Iris Traulsen, AIP Leibniz Institute for Astrophysics Potsdam Sebastian Dohrmann, German Physical Society Background and focus As AI becomes part of institutional decision-making, including decisions about selection,  recognition, funding, leadership opportunities, and career advancement, governance  frameworks must ensure that these systems do not reproduce existing inequities. Many  selection processes are already shaped by unconscious bias and structural patterns that  are difficult to detect, such as reliance on familiar names, concentration within certain  institutions or networks, repeat visibility, and unequal assessment across career stages.  Equity Lens responds to this challenge by exploring how AI-supported transparency  mechanisms can help make such patterns visible before decisions are finalized. This workshop invites participants to co-design the next stage of Equity Lens, a prototype  transparency tool designed to support fairer, more evidence-based selection processes.  Rather than automating decisions or replacing human judgment, Equity Lens provides  privacy-preserving, aggregated indicators of potential structural bias before committees   reach final decisions. The tool does not rank candidates, recommend outcomes, collect  individual votes, or influence committee choices. Its purpose is to help decision-makers  recognize patterns that might otherwise remain invisible, support informed reflection, and  keep responsibility firmly with human decision-makers. This session is for participants who want to help turn AI governance principles into  practical tools for fairer decision-making. Participants will test the Equity Lens concept,  share concerns and use cases from their own sectors, and help define the requirements,  safeguards, and design priorities for an open-source version of the tool. By joining,  participants can contribute directly to a practical requirements specification and help  shape an approach that organizations with different levels of technical capacity could  adapt for responsible, rights-respecting selection processes. Speakers and Format Format: Interactive co-creation workshop This workshop brings together perspectives from scientific practice, equality initiatives, AI  ethics,  standardization,  and  responsible  technology  governance.  It  moves  beyond  knowledge exchange toward developing practical requirements for ethical transparency  tools. Provisional speakers: Ruzin Aganoglu, PhD – Physicist, CTO of Lab-on-Fiber GmbH, and Deputy Spokesperson of  the Working Group on Equal Opportunities (AKC) of the German Physical Society (DPG). She  advances equity initiatives in physics, promotes STEM role models, and builds national and  international networks. She will provide a science–industry innovation perspective and  introduce practical challenges from research communities and professional societies that  motivated Equity Lens. Sumiko Shimo  – Independent researcher and expert member of UNESCO AI Ethics  Without  Borders,  Women4Ethical  AI,  the  G20  Technical  Facility,  ISO  SC42  on  AI  standardization, and CAIDP. She specializes in responsible AI, ethical innovation, bias  mitigation, and inclusive technology governance. She will facilitate ethical reflection,  connecting  Equity  Lens  with  principles  of  fairness,  transparency,  privacy  protection,  accountability, and human oversight. Agenda: 5 min – Introduction and context 10 min – Prototype demonstration and roadmap  20 min – Discussion and feedback 10 min – Next steps The workshop will deliver a stakeholder-informed framework defining ethical principles,  governance safeguards, and technical requirements for transparent selection processes. Focal Point/Contact: Dr. Ruzin Aganoglu Deputy Spokesperson Working Group on Equal Opportunities (AKC) of the German Physical Society (DPG) Email: ruzin.aganoglu@lab-on-fiber.de"
14_o-23_aio_concept_note_2026-07-07_final_v2.pdf,"AI Integrity Organization (AIO), Geneva, Switzerland",A Common Language for AI Governance: An Open Vocabulary and,"CONCEPT NOTE First Session of the Global Dialogue on AI Governance 6–7 July 2026 I Palexpo, Geneva A Common Language for AI Governance: An Open Vocabulary and  Toolkit for Multistakeholder Adoption Across Spheres of Influence Date & Time:  Tuesday, 7 July 2026, 12:00–12:45 CEST (online side event) Organizers:  AI Integrity Organization (AIO), Geneva, Switzerland Background and focus AI governance increasingly depends on a shared understanding of what AI systems  actually prioritise, yet policymakers, regulators, domain professionals and civil-society  actors still describe AI behaviour in different and often incompatible vocabularies —  “bias,” “fairness,” “alignment,” “trustworthiness.” Without a common, measurable  reference point, multistakeholder cooperation remains principled in intent but  fragmented in practice. This session introduces an open, MIT-licensed vocabulary and toolkit that any  stakeholder can adopt without specialised technical training. It is grounded in Schwartz  basic-values theory — validated across more than 80 cultures — and operationalised  through 366,120 forced-choice measurements across eight commercial AI models in  seven professional domains (S. Lee, 2026b; arXiv:2604.11216). Three findings frame the  policy stakes: the models reverse their value priorities in 37–50% of cases when the same  dilemma is reframed from another stakeholder’s perspective; all eight restructure their  value hierarchies in defence contexts, with Security surging to dominance; and in  education several prioritise institutional compliance over learner self-direction at rates  above 85%. AI systems, in short, do not hold stable value commitments — a foundational   challenge for any governance framework that assumes transparent, predictable  reasoning. The evidence is paired with the AIO 20002 logging standard, an open-source instrument  that maps AI reasoning to structured value/evidence/source codes designed to support  the reasoning-traceability goals of EU AI Act Articles 12–14 (a voluntary instrument, not a  certified compliance mechanism) and deployable today, ahead of the Act’s 2 August 2026  milestones. The session speaks directly to the cluster on Safe, secure and trustworthy AI:  interoperability and compatibility of approaches, while lowering the technical-fluency  barrier that keeps non-technical voices out of AI-governance debate. By giving every  participant a concrete, shared reference for what a model prioritised and why, it turns  multistakeholder collaboration from a stated principle into a working method each actor  can apply within their own sphere of influence. Speakers and Format Format (45 minutes, online).  The session pairs a short evidence briefing with two interactive instruments used for  outcome measurement rather than decoration. Opening (3 min) frames the core  message and a sphere-of-influence matrix.  Part 1 — The Shared Vocabulary (12 min), delivered by Seulki Lee, Founder of the AI  Integrity Organization (Geneva), presents the empirical findings and the vocabulary chain  from Schwartz values to the Authority Stack model to the AIO 20002 logging standard. Part 2 — Bring It Home (10 min) runs a live clinical-scenario poll, compares audience  judgement with measured AI behaviour, and demonstrates AIO 20002 logging. Part 3 —  Govern AI From Your Seat (15 min) is a moderated roundtable of invited international  experts spanning regulatory compliance (Europe), AI security and governance (Africa),  and applied AI evaluation (Asia-Pacific), each showing how the vocabulary applies in their  sphere of influence. A closing segment (5 min) captures adoption-intent polling and  follow-up. Participants leave with three free, ready-to-use assets — a Vocabulary Reference Card, a  one-page “Get Started in Your Sphere” guide, and an open Call for Co-authors to the AIO  Working Paper Series — and AIO will share a multistakeholder synthesis report with the  Joint Secretariat after the event.  Focal Point/Contact:  Seulki Lee, Founder & CEO, AI Integrity Organization (AIO) — 2sk@aioq.org — aioq.org"
15_o-24_ai_dialogue_concept_note_template_1.pdf,University of Cambridge; The University of Edinburgh · UCL,"[ Responsible AI in Academia, Policy and Society: Urban Futures and","CONCEPT NOTE First Session of the Global Dialogue on AI Governance 6–7 July 2026 I Palexpo, Geneva [ Responsible AI in Academia, Policy and Society: Urban Futures and  Global Governance] Date & Time:  Tuesday 7 July 2026, 12:00–13:00 CEST Organizers:  University of Cambridge; The University of Edinburgh · UCL Background and focus The rapid advancement of multimodal artificial intelligence (AI) is reshaping research,  education, and urban development, creating new opportunities while raising complex  governance challenges. As AI systems become increasingly integrated into knowledge  production, public services, and everyday life, there is a growing need for governance  frameworks that are inclusive, transparent, and grounded in human rights. Particular  attention is required to address issues such as child-centred AI, responsible data practices,  algorithmic  accountability,  and  equitable  access  across  diverse  social  and  cultural  contexts. This online side event provides a platform for researchers and international collaborators  to exchange perspectives on responsible multimodal AI governance across academic,  educational, and urban settings. Through a series of lightning talks followed by a panel  discussion,  participants  will  explore  emerging  research,  practical  experiences,  and  collaborative approaches to addressing ethical and societal challenges. By facilitating  dialogue  among  academia,  policymakers,  and  international  organisations,  the  event  contributes to the Global Dialogue on AI Governance and supports the development of  globally informed, rights-based, and cross-sector governance approaches that promote  responsible AI innovation for the public good.  Speakers and Format Alphabetic order Professor Jano van Hemert, Director of Data Services, Edinburgh Parallel Computing  Centre (EPCC), University of Edinburgh; Victoria Lee, Research Integrity and Governance Coordinator, University of Cambridge;  Dr Sinéad Murphy, Policy Engagement Coordinator (Learning & Development), UCL Public  Policy; Ewajesu Okewumi, Research Associate, the project of ‘Exploring GeoAI’, University of  Edinburgh; Professor Andrew Manches, Director of the Children and Technology group, University of  Edinburgh. It is online, and each guest will share their idea in 5-10mins, before a discussion and Q&A  with audiences. Focal Point/Contact: Susan Qu"
16_o-25_concept_note_unesco1.pdf,UNESCO,Comparing National AI-in-Education Policy Approaches: Towards,"CONCEPT NOTE First Session of the Global Dialogue on AI Governance 6–7 July 2026 I Palexpo, Geneva Comparing National AI-in-Education Policy Approaches: Towards  Building a Shared Framework Date & Time:  7 July 2026, 12:30–13:30 CEST  Organizers: UNESCO Link: Online, via Zoom Background and focus Artificial intelligence (AI) has an increasing presence in all facets of education,  challenging the fundamental assumptions about the role of education to develop the  knowledge, skills and confidence needed to participate fully in society. In view of the  rapid shifts associated with this technology, many governments have shown interest in  developing coherent national policies for AI in education, but may lack institutional  capacity, technical expertise, and contextual evidence to create a workable strategy.  In this context, this session will look to build on the shared foundation set by UNESCO’s  Guidance for Generative AI in Education and Research and its twin AI Competency Framework  for Teachers and AI Competency Framework for Students while seeking to deepen  understanding of the ways in which policy and practice around AI in education converge  and differ across diverse contexts. Offering a rich dialogue between academic experts  and experienced policy-makers, it will surface and compare approaches of education  policy-makers against a common set of dimensions, identifying shared building blocks,  context-specific divergences, and unresolved gaps, with the aim of producing a  comparative mapping that can inform the development of a comprehensive AI in   Education policy framework for Ministries of Education and a complementary tool to  assess ‘readiness’, building upon existing UNESCO guidance. Speakers and Format  Sobhi Tawil, Director of the Future of Learning and Innovation Division, UNESCO or  Shafika Isaacs, Chief of Section for Technology and AI in Education, Future of  Learning and Innovation Division, UNESCO  Wayne Holmes, UNESCO Chairholder in the Ethics of AI and Education, Professor  of Critical Studies of AI and Education, University College London, United Kingdom  Ig Ibert Bittencourt, UNESCO Chairholder on AI in Education Unplugged, Professor  of Computer Science and Learning Technology, Federal University of Alagoas,  Brazil  Katrien Alen, ICT and AI Policy Officer, Digisprong Knowledge Centre Policy,  Flemish Ministry of Education and Training, Belgium  Vincent Nyirigira, Acting Director of Digital Content and Instructional Technology  Development, ICT in Education Department, Basic Education Board, Rwanda  Carla Kronberg, Manager, Teacher Education, Performance and Professional  Development Division, Ministry of Education, Trinidad and Tobago The session will be formatted in webinar-style, with a series of panelist interventions,  followed by a short moment for audience Q&A, time allowing. Focal Point/Contact: Rachel Pollack, Programme Specialist, Section for Technology and  AI in Education, Future of Learning and Innovation Division (r.pollack@unesco.org)"
17_o-26_ai_dialogue_concept_note_fairwork1.pdf,"Fairwork, Oxford Internet Institute, University of Oxford",“Making AI Data Work Accountable: The Fairwork Certification Scheme”,"CONCEPT NOTE First Session of the Global Dialogue on AI Governance 6–7 July 2026 I Palexpo, Geneva “Making AI Data Work Accountable: The Fairwork Certification Scheme” Date & Time:  Tue 7 July 2026 12:45–13:30 CEST Organizers:  Fairwork, Oxford Internet Institute, University of Oxford Background and focus (300 words) AI systems rely on hidden human labour in tasks like data annotation, model evaluation,  content review, and moderation, often through complex supply chains that pose  documented labour risks like low pay, insecure contracts, intense productivity  monitoring, and exposure to distressing content, with poor worker access to remedy. Considering strengthened regulations like the EU’s Corporate Sustainability Due  Diligence Directive (CS3D) or California’s Assembly Bill 2653, firms developing or  implementing AI systems face reputational, legal, and operational risks because most  companies still lack an assurance mechanism for labour due diligence in AI supply  chains. Fairwork can help companies navigate new regulations, avoid reputational  damage, prevent operational disruptions, and improve working conditions. In this lightning talk, we will introduce the Fairwork Certification Scheme as a governance  framework for improving labour conditions and accountability in AI data work. By  presenting the rationale and structure of the Fairwork certification scheme, the session  explores how evidence-based standards can address opacity and fragmented  responsibility within AI production networks to inform corporate due diligence  mechanisms. After the presentation, the session invites the audience to reflect on  practical pathways for implementing labour governance.  It contributes to the Global Dialogue on AI Governance by advancing human-rights- based approaches to transparent, trustworthy, and inclusive AI governance.  Speakers and Format (200 words) The presentation will be hosted by Shilpa Mariam Joseph, a research assistant at the  Fairwork project.  Focal Point/Contact: Shilpa Mariam Joseph- shilpa.joseph@oii.ox.ac.uk  Link to webinar- https://events.teams.microsoft.com/event/a42ef897-7519-498d- a845-6346865a6f3d@cc95de1b-97f5-4f93-b4ba-fe68b852cf91"
18_o-27_ai_dialogue_concept_note_widcon_twg6_updated.pdf,Connecting Women in Digital (WIDCON) / Women in Digital Forum – Thematic Working,"Who Governs AI in Practice? Women's Agency, Accountability and Human","CONCEPT NOTE    First Session of the Global Dialogue on AI Governance  6–7 July 2026 I Palexpo, Geneva  Who Governs AI in Practice? Women's Agency, Accountability and Human  Oversight    Date & Time:  07 July 2026, 13:00–13:45 CEST.    Organizers: Connecting Women in Digital (WIDCON) / Women in Digital Forum – Thematic Working  Group 6, chaired by Universitat Politècnica de Catalunya · BarcelonaTech (UPC).    Background and focus   The session is proposed by Connecting Women in Digital (WIDCON) / Women in Digital Forum –  Thematic Working Group 6, which brings together experts from policy, legal, technical, private-sector,  research and organisational governance backgrounds. The virtual format is intentional, supporting  accessible and cross-regional participation while reducing barriers to engagement.  The proposal builds on TWG6’s work on women’s agency in the AI economy, organisational AI  governance, human oversight, workforce impact assessment, transparency, accountability and  capacity-building. It reflects a shared recognition that trustworthy and inclusive AI governance requires  more than high-level principles. Effective implementation depends on clear organisational accountability  structures: who approves AI use cases, who monitors impacts, who exercises human oversight, who  escalates concerns, and how affected groups, including women, are represented in governance and  decision-making processes.  Particular attention will be given to the practical challenge of operationalising accountability across  complex organisational environments, where responsibilities are often distributed across legal,  compliance, technical, business, HR and management functions. The session will connect AI  governance principles with measurable implementation mechanisms, including operational  transparency, gender-responsive indicators, evidence-based monitoring, CSR and sustainability  governance links, workforce impact assessment and board-level accountability.  The discussion will also explore the conditions under which women move from being affected by AI- driven change to actively shaping how AI is built, adopted and governed. This includes organisational  factors such as leadership behaviour, access to learning opportunities, meaningful participation in AI- related decisions and capacity-building.   By bringing together European governance practitioners, policy experts and Global South and Latin  American perspectives, the session will identify practical approaches for embedding accountability,  inclusion and human oversight into AI governance frameworks. The discussion connects to SDGs 5, 8, 9,  10 and 16 by linking women’s agency, decent work, inclusive innovation, reduced inequalities and  accountable institutions.  A short takeaway note will capture cross-regional insights and practical recommendations on gender- responsive AI governance.    Speakers and Format   The proposed 45-minute virtual side event will focus on how women move from being affected by AI to  shaping AI governance in practice. Ruth Martínez-López, TWG6 Chair, with Ilker Demirkol as Co-Chair if  available, will open with a 3-minute framing of WIDCON/TWG6 and the core governance challenge.  The core panel will include three short expert inputs. Georgia Voudoulaki will address operational AI  governance, institutional accountability, human oversight and responsibility structures. Catherine  Mulligan will connect AI labour-market transformation, just transition, women as builders of AI, digital  skills, adoption and decent work. Ciara O’Buachalla and Rania Souhlal will provide a joint contribution:  Ciara on private-sector implementation and AI compliance ownership across legal, HR, IT, compliance  and business functions; Rania on gender-responsive KPIs, double materiality, cross-functional escalation  risks, Board and C-suite decision-making, and auditable evidence architecture.  A brief guided exchange with Fadima Diawara, facilitated by Caroline De Cock, will bring a Francophone  Africa perspective on digital inclusion, capacity-building and implementation constraints.  The session will then move to a 10-minute moderated discussion led by Mara Saenger with Gabriela  Arriagada-Bruneau and Polona Pičman Štefančič, adding Latin American, data-sovereignty, human-rights  and Caribbean perspectives. The session will close with 5 minutes of practical takeaways and next steps.    Focal Point/Contact:  Ruth Martinez Lopez (ruth.martinez.lopez@upc.edu)"
19_o-28_ai_dialogue_concept_note_asuntos_del_sur1.pdf,Asuntos del Sur,Building Technical Sovereignty: AI Safety and Security Capacity as a,"CONCEPT NOTE First Session of the Global Dialogue on AI Governance 6–7 July 2026 I Palexpo, Geneva Building Technical Sovereignty: AI Safety and Security Capacity as a  Governance Foundation in the Global South Date & Time:  06 July 2026, 18:00–19:00 CEST Organizers: Asuntos del Sur  Access link: https://us06web.zoom.us/j/83211211214? pwd=kzuNaOZKXV21bMd0RsiGRNYlZlzZbc.1 Background and focus Technical sovereignty in AI rests on a country's or region's actual capacity to understand, audit,  red-team, and govern the AI systems it deploys and depends on. For most of the Global South,  building this capacity is the central condition for participating in AI governance as an active agent,  with real influence over the standards that get set. Co-organised by Asuntos del Sur and the Global Council for Responsible AI, this session brings  together practitioners working on the ground in Latin America and Africa to examine what building  this capacity actually requires: AI safety literacy for policymakers and civil society, security  standards and red-teaming practices adapted to local threat landscapes, privacy-preserving  infrastructure that keeps data and models under domestic or regional control, and governance  frameworks grounded in local realities. The session focuses on concrete, transferable practices: how edge-AI and privacy-enhancing  computation can strengthen domestic control over cloud infrastructure; how AI red-teaming and  security operations expertise can be grown regionally; and how ambassador and chapter-based  networks can translate global governance debates into local policy influence. The panel will also  address the specific barriers Global South institutions face — talent retention, funding models,  and limited input into the technical standards that get set globally — and identify forms of South- South cooperation that could accelerate progress on these gaps.  The goal is to ground the conversation on AI governance in the Global South in the technical and  institutional foundations that make governance principles enforceable in practice. The session  aims to produce concrete takeaways for the Global Dialogue on how safety and security capacity  building should be prioritised and resourced going forward. Speakers and Format This is a moderated panel discussion, followed by open Q&A with the audience. Moderator: Agustina Brizio, Coordinadora de Innovación y Tecnologías Digitales, Asuntos del Sur  (Latin America). Speakers: Steven Guerrero (Costa Rica) — Vice President of FAIR, the Costa Rican Foundation for  Responsible AI, and Chapter Lead for the AI Costa Rica Chapter of the Global Council for  Responsible AI. He also teaches responsible AI and digital transformation at Cenfotec University,  focusing on strengthening Latin America's institutional and human capacities to adopt, evaluate,  and govern AI systems responsibly. Michael Michie (Kenya) — co-founder of Everse Technology Africa, a Nairobi-based venture  building edge-AI and privacy-enhancing computation for regulated industries, enabling  institutions to train and audit models on sensitive data while keeping that data resident locally.  He is also active on Africa's AI policy advisory community. Shiphrah Wairima (Kenya) — President of the Kenya Chapter of the Global Council for  Responsible AI, and a cybersecurity leader with a background in security operations and AI red- teaming, focused on building security frameworks tailored to African threat contexts and  expanding inclusive participation in AI governance. The 60-minute format opens with brief framing remarks from each speaker (5 minutes each),  continues with a moderated cross-regional discussion connecting Latin American and African  experiences, and closes with 15–20 minutes of audience Q&A. Focal Point/Contact: Agustina Brizio - agustina.brizio@asuntosdelsur.org"
1_o-3_brave_voices_concept_note.pdf,Brave Voices (youth initiative),Beyond Algorithms: Youth Voices Shaping the Future of Ethical AI,"Concept note     Beyond Algorithms: Youth Voices Shaping the Future of Ethical AI  Governance  Background and Focus (~300 words)  Artificial intelligence is rapidly transforming societies across the world,  influencing how people learn, work, communicate, and access essential  services. From automated decision-making systems to generative AI  tools, these technologies are increasingly embedded in daily life and  public infrastructure. While AI brings significant opportunities for  innovation and efficiency, it also raises urgent ethical and governance  challenges, including algorithmic bias, data privacy concerns,  misinformation, surveillance risks, and unequal access to digital  technologies.  As AI systems become more powerful and autonomous, decisions that  affect individuals and communities are often shaped by systems that lack  transparency or accountability. Despite being among the most impacted  by these technologies, young people are frequently excluded from  formal discussions on AI governance and policy design. This exclusion  creates a critical gap in representation and limits the development of  inclusive, human-centered digital futures.  This session, led by Brave Voices, aims to address this gap by centering  youth voices in global conversations on ethical AI governance. It   explores how young people can meaningfully participate in shaping  responsible, transparent, and rights-based AI systems.  The discussion will focus on key themes such as algorithmic fairness  and bias, digital rights and safety, transparency in AI decision-making,  and accountability mechanisms for emerging technologies. It will also  explore the impact of AI-driven systems on youth participation in civic  spaces, education, and access to information.  By bringing together youth leaders from diverse backgrounds, the  session promotes the idea that ethical AI governance must be inclusive,  participatory, and grounded in human rights. It emphasizes that young  people are not only users of technology but essential stakeholders in  shaping its future. The goal is to empower youth to actively contribute to  policy discussions and co-create equitable digital systems that reflect the  needs of all generations.  Speakers  The session will feature three youth leaders working across technology,  inclusion, and digital rights, and will be moderated by Renad Baomar,  founder of Brave Voices.  Renad Baomar is a  global youth advocate from Salalah, Oman, focused  on leadership, environmental advocacy, and empowering young voices.  She is a member of global platforms including UNESCO Ocean  Literacy, Youth for Climate, Water for Youth Parliament, and the Global  Ocean Acidification Observing Network. She is a fellow of The Earth  Prize, an SDG Hero recognized by UN ESCAP, and a leader with  initiatives such as State of Youth – Future Voices and SheLeadsToo. She  is also a virtual guest contributor at NASA and a honorable mention for  the Women Changing the World Awards 2026. Recipient of global   recognition award and finalist for she inspires awards and a regional  director of middle east   As moderator, she will guide the discussion and ensure an engaging,  inclusive, and solution-oriented dialogue.  Malghalara is a youth advocate and founder of Equality Bridge,  working on inclusion and youth participation in equitable systems.  Agum Manuella Okello Elizabeth is a Ugandan youth advocate,  published poet, and writer focused on disability inclusion, youth  empowerment, and social impact. She is the founder of Shared Ground  Uganda, a disability advocacy initiative amplifying neurodivergent and  disabled voices, and the founder of Mstari Global Magazine, a youth-led  storytelling platform. She also co-founded the W.H.O.L.E. Foundation  and actively engages in U-Report and Model United Nations, using  writing and advocacy to promote inclusion and equity.  Rajul Shrivastava is an AI governance researcher and youth advocate  focused on platform accountability, digital rights, and gendered harm  online. With a background in Computer Science . she bridges technical  expertise and policy analysis at the intersection of responsible AI and  inclusive governance. She serves as Global Youth Ambassador at  TheirWorld and Secretary-General of the Global Coalition for UN  Youth.    Together, the session brings diverse youth perspectives across climate,  inclusion, and AI governance."
1_p-4_innovative_approaches_to_future_workforce_development.pdf,"Diplo, Coursera",Innovative Approaches to Future Workforce Development,"CONCEPT NOTE First Session of the Global Dialogue on AI Governance 6–7 July 2026 I Palexpo, Geneva Innovative Approaches to Future Workforce Development Date & Time:  6 July 13:30 – 14:15 CEST  Organizers:  Diplo, Coursera Background and focus The session will present two innovative approaches to future workforce development in  regards to AI skills.  Diplo will present its methodology and pedagogy of AI apprenticeship – a hands on  approach to learning about generative AI, specifically designed for professionals in  digital governance and diplomacy. Diplo demystifies AI by working with their apprentices  in small groups on developing their own AI agents, in their institutional context and  practically exploring issues such as ownership of their institution’s knowledge.  Coursera will brief on scaling training on digital skills for the future. Their plan is to  upskill and reskill 3.7 billion existing workers in the world, with a focus on skills delivery.  Coursera has a vision of going from content to skills in an AI-powered learning  ecosystem. This will be achieved by a combination of world class content, which  motivates employees to develop key skills and the use of an AI-powered platform which  offers effective and personalized training.  Speakers  Tereza Horejsova, Director of Partnerships, Diplo Cedric Amon, Project Lead, Diplo Yolanda Martinez, Coursera Cristina Cárdenas, Manager of Government Affairs for Latin America and the Caribbean  Focal Point: Tereza Horejsova, terezah@diplomacy.edu"
20_o-35_ai_dialogue_concept_note_template_anuies1.pdf,Asociación Nacional de Universidades e Instituciones de Educación Superior,"Collaborative AI Governance: universities, governments and society","CONCEPT NOTE First Session of the Global Dialogue on AI Governance 6–7 July 2026 I Palexpo, Geneva Collaborative AI Governance: universities, governments and society  shaping the future Date & Time:  7 July 2026, 19:00–19:45 CEST Organizers:  Asociación Nacional de Universidades e Instituciones de Educación Superior  de México, LACNIC, Metared, Universidad de Costa Rica  Conection link: https://us02web.zoom.us/j/81012406570?pwd=KnrkgyGU3bQIC86Q1TWSkS9GPCBpu1.1 Código de acceso:303114 Background and focus Artificial Intelligence (AI) is reshaping economies, public institutions, education systems,  and labor markets at an unprecedented pace. While its transformative potential is widely  recognized, ensuring that AI contributes to inclusive, ethical, and sustainable  development requires governance models that are collaborative, transparent, and  grounded in human rights and public interest. Latin America has emerged as a dynamic region for advancing multi-stakeholder  approaches to AI governance. Universities, governments, civil society organizations, and  the private sector are increasingly working together to strengthen digital capacities,  promote responsible innovation, and develop public policies that respond to regional  priorities while aligning with international principles. This panel will explore how these collaborative ecosystems can accelerate the adoption  of trustworthy AI through institutional cooperation, knowledge sharing, and capacity   building. The discussion will highlight practical experiences from Mexico and Costa Rica,  demonstrating how higher education institutions, public authorities, and regional  innovation networks contribute to AI literacy, workforce development, ethical  frameworks, and evidence-based policymaking. Particular attention will be given to the role of universities as trusted actors that connect  research, education, innovation, and public engagement. The session will also examine  how regional initiatives can strengthen governance capacities, promote digital inclusion,  and support international cooperation in the implementation of responsible AI. Aligned with the objectives of the Global Dialogue on AI Governance, the session seeks to  foster an open exchange of experiences and lessons learned while identifying  opportunities for stronger collaboration across countries and sectors. Participants will  gain practical insights into governance models that place people at the center of AI  development and contribute to building resilient, inclusive, and future-ready societies. Speakers and Format Adrián Soto Girón (moderator) will present the perspective of higher education  institutions and their strategic role in strengthening AI governance through academic  collaboration, institutional capacity building, digital skills development, and the  promotion of responsible AI across universities in Mexico and Iberoamérica. Carmen Díaz Novelo  will share the experience of regional multi-stakeholder  collaboration, highlighting how governments, universities, industry, and civil society can  work together to build AI governance ecosystems that support innovation, digital  inclusion, public policy, and sustainable regional development. Carmen Denis Polanco  will address the importance of robust Internet infrastructure as  a cornerstone of AI governance. She will explore how connectivity, digital public  infrastructure, and multi-stakeholder cooperation can strengthen AI ecosystems, bridge  digital divides, and enable the responsible deployment of AI technologies that benefit  society. Alonso Castro Matei  will provide an academic and regional perspective on AI  governance, focusing on research, ethics, digital transformation, and international  cooperation in Latin America. His contribution will highlight the importance of evidence- based policymaking and university leadership in advancing trustworthy and human- centered AI.  Javier de Andrés Rivero (MetaRed España) will present the role of international  university networks in advancing collaborative AI governance through knowledge  exchange, digital transformation, and capacity building. He will highlight how MetaRed  fosters cooperation among higher education institutions across Ibero-America to  strengthen responsible AI adoption, promote digital innovation, and support the  development of shared governance frameworks that respond to regional and global  challenges. Focal Point/Contact: Name: Carmen Díaz Novelo  Email: Carmen.diaz@correo.uady.mx"
21_o-37_sideeventai2030final1.pdf,AI2030,Background and focus,"1 1. Final title: Responsible AI Capability Stress Testing for Workforce and Learning  Systems 2. Short description: A moderated, multistakeholder dialogue on responsible AI in learning and workforce  systems. The session uses audience polling and live chat to surface the evidence needed  for trustworthy implementation. Speakers bring perspectives from higher education,  workforce transformation, AI governance and diplomacy, and Global South AI policy. 3. Concept note: Background and focus Artificial intelligence is increasingly embedded at the point of contact with learners and  workers — teaching, tutoring, assessing, preparing people for work, and shaping who  can access what. This acceleration is outpacing the governance, pedagogy, assessment  integrity, and quality assurance frameworks needed to evaluate it responsibly.  Organizations are already redistributing instructional design, curriculum development,  tutoring, and learner support functions across AI systems, independent creators,  workforce trainers, and emerging educational models — raising urgent questions about  instructional trust, human judgment, accessibility, learner agency, and responsible AI  capability validation. This session borrows the discipline of stress testing from other high-stakes domains to  ask a direct question: what counts as responsible when AI participates at the point of  contact with a student or a jobseeker, and how would we know a system is safe enough  to trust before it reaches them?  2 The conversation is grounded in the UN Global Dialogue themes on AI opportunities  and implications, bridging AI divides, safe and trustworthy AI, and transparency,  accountability, human oversight, and human rights. It brings together educators,  workforce leaders, and Global South policy voices for a listening and validation  conversation rather than a presentation of fixed answers, using moderated discussion  and live audience engagement to surface implementation tensions, practical  governance gaps, and emerging evidence needs. The session connects to AI 2030's Collaborative Intelligence Campus and EdAIArk —  open infrastructure designed to document, validate, and make freely accessible the  evidence layer for responsible AI practice in workforce and learning systems, for the  good of humanity. Insights and audience input from the session feed directly into that  evidence strategy, so the dialogue is intended not only to inform participants but to help  build a shared, openly available foundation for judging whether learner- and worker- facing AI is trustworthy before it reaches the people who depend on it. Speakers This panel pairs practitioners in learning and workforce systems with AI governance  and policy expertise, spanning higher education, national policy, and Global South  perspectives. Tonya Amankwatia, PhD — Head of the AI 2030 Institute. Learning sciences and  instructional technology scholar with instructional design and microcredentials  expertise. Her higher education administrative roles spanned online and professional  learning, large-scale technology implementation, program assessment with workforce  transformation extending to the EU Pact for Skills working group. (Co-Moderator) Rui Pedro Duarte — Managing Director, Loop Future Switzerland, and Professor of  Ethics, AI, and Diplomacy. Senior AI Governance Advisor and former Member of the  Portuguese Parliament, with over 15 years at the intersection of technology, policy, and  diplomacy. He serves on the AI 2030 Institute's Global Advisory Council. (Co-Moderator)  3 Bryan Alexander, PhD — Senior Scholar, Georgetown University, and founder of Bryan  Alexander Consulting. Futurist and educational-technology researcher on emerging  technology and the future of higher education, with faculty experience teaching English  literature, composition, and digital culture. (Panelist) Frehiwot Gebrekrstos Girmay — PhD Candidate in Artificial Intelligence, Addis Ababa  Science and Technology University, and Researcher at the Ethiopian Artificial  Intelligence Institute. Formerly an AI Policy Research Group Member with the Center  for AI and Digital Policy. (Panelist) Format: Interactive online session with audience polling and moderated chat. 4. Connection link:  https://luma.com/7yre5h7u Participants join through our Luma  registration page: https://luma.com/7yre5h7u  Please publish this on the website as the connection link and once confirmed, attendees  receive the Zoom join details automatically. Note: as a backstop, the direct Zoom details are below for your use only if any  participant has trouble registering: Zoom: https://us02web.zoom.us/j/81360825857? pwd=x13Kd3MczD8mtZFO74aOJcNhzkavqG.1 Meeting ID: 813 6082 5857 Passcode: 869834 Registration: https://luma.com/7yre5h7u 5. Date and start time: Monday, 6 July 2026, 17:00 to 17:45 CEST (11:00 to 11:45 ET)."
22_o-39_concept_note1.pdf,Pride AI and Business Solutions; DocsOrb,Part A: Background and Focus,"AI Accountability in Practice: Financial  Standards, Compliance and Operational  Guardrails Organizers 1. Pride AI and Business Solutions (prideaiandbusinesssolutions.com) 2. DocsOrb (docsorb.com) Concept Note Part A: Background and Focus AI is becoming core economic and operational infrastructure, but the knowledge gap on AI  Governance is not up to speed. Financial institutions and regulators still lack reliable methods to  assess the real value, defensibility, and downside risk of AI systems. At the same time,  organizations adopting AI tools often rely on static policies, manual reviews, and after-the-fact  audits, leaving data exposure, shadow AI use, and compliance violations unmanaged in real  time. This side-event presents AI accountability through two connected pillars. Financial Accountability via “IFRS for AI”: Pride AI introduces a framework for recognizing  and measuring AI systems as auditable computational assets. It addresses the “capital erasure”  problem in current accounting models, where continuous investment in data, GPU or  engineering is valued through four key pillars: Recognition, Measurement, Disclosure, and  Governance. Through asset manifests, data provenance, defensibility measures, and valuation  models, IFRS for AI aims to help investors, central banks, and sovereign funds distinguish  genuine technical moats from fragile AI wrappers. Operational Enforcement via Policy-to-Guardrail Governance: DocsOrb focuses on how  organizations turn written policies into enforceable AI controls. In most organizations,  compliance, legal, HR, risk, security, and data protection teams define what AI use is allowed,  restricted, or blocked, but enforcement remains manual or technical. DocsOrb bridges that gap  by translating organizational policies into AI guardrails, detecting risky use, preventing sensitive  data exposure, and generating audit evidence. Together, these pillars move AI governance beyond principles. The session explores how AI  can be valued, governed, enforced, and audited through practical frameworks that support trust,  compliance, cybersecurity, and institutional accountability.  Part B: Speakers ● Tamiru Belayneh Hassen (Founder & CEO, Pride AI and Business Solutions;  Google Cloud Partner): Tamiru works at the intersection of finance, technology,  transformation, and governance. As Founder and CEO of Pride AI and Business  Solutions, he brings more than 20 years of experience across financial services,  institutional banking, operations, leadership, and regulatory compliance in Ethiopia and  the United States. His work focuses on AI strategy, governance, security, and financial  governance solutions, including the emerging “IFRS for AI” framework for valuing and  reporting AI systems as accountable computational assets. ● Santhosh Komaragiri (Founder & CEO, DocsOrb): Santhosh brings over 8 years of  experience in data privacy, compliance, and cybersecurity, serving mid-market and  enterprise organizations. He surfaces a simple principle: engineers implement controls,  but organizations own the policy. Through DocsOrb, compliance, legal, HR, risk, and  security teams can define what AI use is allowed, restricted, or blocked, while technical  teams implement those decisions with audit evidence. Logistical & Timing Recommendations Connection Link: Google Meet https://meet.google.com/dzx-mfny-ggv Tuesday, July 7, 16:00 - 16:45pm CET/CEST O-39 - Online Side Event - AI Accountability in Practice: Financial Standards, Compliance and  Operational Guardrails."
2_o-4_ai_dialogue_concept_note_winar_institute1.pdf,WINAR Institute for AI Policy and Governance in Africa,"Designed Elsewhere, Deployed Here: How African Institutions Can Lead AI","CONCEPT NOTE First Session of the Global Dialogue on AI Governance 6–7 July 2026 I Palexpo, Geneva  Designed Elsewhere, Deployed Here: How African Institutions Can Lead AI  Accountability Before It's Imposed Date & Time:  6 July 2026, 07:00–07:45 CEST Organizers:  WINAR Institute for AI Policy and Governance in Africa Background and focus Across East Africa, AI systems increasingly inform decisions with direct consequences for  people's livelihoods: creditworthiness in fintech, triage in healthcare, eligibility in public  administration. The frameworks meant to govern these systems, however, were largely designed  elsewhere. European and American accountability models assume institutional conditions that  do not hold in most African deployment environments: reliable audit infrastructure, dense  regulatory capacity, and mature legal recourse mechanisms. This gap is not theoretical. When an imported governance framework meets an African institution  with fewer resources, thinner audit trails, and different regulatory maturity, the result is often an  accountability vacuum rather than accountability itself. A framework built for a well resourced  regulator does not simply scale down. It fails silently, leaving deployed systems ungoverned in  practice even when a policy exists on paper. This session argues that closing that gap requires two shifts. First, accountability mapping must  happen before deployment, not after harm surfaces, so that responsibility is assigned while a  system is still being designed rather than reconstructed retroactively during a crisis. Second,  contextual validation must be treated as a deployment requirement rather than an optional add  on: a model validated for one institutional environment cannot be assumed safe for another  without testing against local data conditions, local infrastructure constraints, and local  enforcement realities. Drawing on Kenya's AI Bill 2026 and emerging governance practice across East Africa, the session  examines what it looks like for African institutions to move from recipients of AI governance to its  architects, building tools calibrated to low resource institutional environments rather than   adapting frameworks built for different ones. The conversation is not simply about resisting  imported governance. It is about building the accountability infrastructure African institutions  actually need, with African expertise at the centre of designing it. Speakers and Format This session takes the form of a 45 minute fireside chat between Winston Mariku and Ole Gamba,  structured as a direct conversation rather than a formal panel, to allow for genuine exchange on  the realities of AI accountability in African institutional contexts. Winston Mariku is Founder and Chief Executive Director of WINAR Institute for AI Policy and  Governance in Africa, an AI Governance and Strategy Advisor working on accountability  frameworks and contextual validation standards for African organizations deploying AI in finance,  healthcare, and public administration. Ole Gamba brings frontline experience navigating cybersecurity, AI, and digital resilience within  one of Africa's largest technology and telecommunications institutions, Safaricom, offering a  practitioner's view of what governance gaps look like when AI systems are deployed at scale  inside African infrastructure. The conversation moves between framework and frontline: Winston brings the accountability  architecture argument from her UN Global Dialogue submission, while Ole grounds it in the  operational realities of deploying and securing AI systems within a major African institution.  Together, the session examines what it actually takes for African institutions to move from  governance recipients to governance architects, closing with concrete reflections on what  accountability infrastructure needs to look like to survive contact with real deployment  environments. Focal Point/Contact: Winston Mariku, winstonaigovernance@gmail.com"
2_p_21_ai_dialogue_concept_note_multilingualism_and_ai-rev2.pdf,"Kenya, Spain, OIF, UN Foundation",Multilingualism and AI: Can Open Models Be the Solution?,"CONCEPT NOTE First Session of the Global Dialogue on AI Governance 6–7 July 2026 I Palexpo, Geneva Multilingualism and AI: Can Open Models Be the Solution? Date & Time: 7 July 2026, 12:00–12:45 CEST Organizers: Kenya, Spain, OIF, UN Foundation Background and focus The rapid diffusion of artificial intelligence creates new forms of exclusion and new  sources of inequality. Evidence suggests that large language models in languages other  than English cost more to run, are more likely to fail safety tests and hallucinate  dangerous misinformation. The implications of these asymmetries for multilingualism,  and their implications for the spread of AI opportunities, have become a governance  challenge. Linguistic diversity is crucial to ensure inclusivity of the digital space. Open  models, open data ecosystems, and smaller and more specific language models  designed to fit specific needs offer practical pathways to address these gaps, enabling  countries and communities to adapt AI systems to their linguistic and cultural contexts  and reducing dependency barriers. This event will aim to:   Raise awareness among Global Dialogue participants of the linguistic  biases embedded in current AI systems and their implications   Frame linguistic equity as a governance question, not only a technical or  capacity-building one.  Showcase solutions to linguistic inequality in AI models and products  Offer practical insights on how multilingual and open AI models can  support linguistic inclusion.  Speakers and Format Speakers:   H.E. Mr. William Kabogo Gitau, Cabinet Secretary, Ministry of Information,  Communications and the Digital Economy (TBC)  H.E. Mr. Óscar López Águeda, Minister for Digital Transformation and Public  Function, Government of Spain (TBC)  H.E. Ambassador Henri Monceau, Permanent Representative of OIF to Geneva  Mr. Daniel Pimienta, President OBDILCI (TBC)  Member of the Independent Scientific Panel on AI (TBC)  Stakeholder Representative (TBC)  Dr. Claire Melamed, Vice president, AI and Digital Cooperation (UN Foundation) – Moderator Format: Panel style discussion followed by short Q&A with the audience. In the interest of time,  questions might be collected virtually from the audience during the event.  Focal Point/Contact: Pablo Angulo-Troconis, UN Foundation                    pangulo-troconis@unfoundation.org"
3_o-5_concept_note.pdf,"[CHIKU ABDALLAH JUMANNE,Independent Youth Researcher,St.Joseph","7 july 2026|Online from Dar es salaam,Tanzania.","CONCEPT NOTE. First Session of the Global Dialogue on AI Governance. 7 july 2026|Online from Dar es salaam,Tanzania. [Title of Online Side Event]. From Campus to Career:Youth,AI Skills &Jobs in Tanzania. Short Description-2-3 sentences: This youth-led session explores how AI is reshaping jobs and skills for young Tanzanians and Africans. Drawing from campus experience in St.Joseph University and as a participant in the UN Women Binti Dijitali programme, it explores how AI is reshaping jobs for Tanzanian youth, highlighting gaps in AI literacy,urban-rural access,and youth inclusion in policy.it will share practical ideas for building safe,gender-inclusive AI literacy hubs in universities. Date & Time:[7 july 2026,15:00-15:45 CEST]. Organizers:[CHIKU ABDALLAH JUMANNE,Independent Youth Researcher,St.Joseph University And Participant UN Women Binti Dijitali Tanzania]. Background and focus: 300 words. Artificial Intelligence is changing the job market at a speed that Tanzania cannot afford to ignore.with over 60% of Tanzanians under 25,youth are the key to an AI- ready future,yet most lack basic AI literacy and access to training. Drawing from my experience as a student at St.Joseph University and as a participant in the UN Women Binti Dijitali programme,I will present critical gaps from the ground, 1:The urban-rural divide in AI skills. 2:Fear of job loss versus new digital job creation for young women. 3:The absence of youth voice in AI policy making in the global south. My goal to give 3 recommendation to NGOs and governments: 1:How to scale AI literacy Hubs on campus using models like Binti Dijitali. 2:How to ensure AI tools are safe and gender-inclusive 3:How to create training pathways that link skills directly to jobs for young women and youth.  By centering one students experience,this session will ensure that AI governance in Tanzania is inclusive,fair and youth-led. Speaker and Format: 200 words. Format:Solo Presentation And Interactive Q&A for 45 minutes total. Speaker:CHIKU ABDALLAH JUMANNE,St.Joseph university&UN Women Binti Dijitali Participant,Tanzania. Role:Student&Youth Advocate for AI literacy.  I will present for 25 minutes on the challenges and opportunities for youth and AI in Tanzania.This is based on my experience at St.Joseph University and participation as a UN Womens Binti Dijitali programme,which focuses on digital skills for young women.The talk will include case studies from campus and from the programme.The remaining 20 minutes will be a live Q&A with the global audience via Zoom link. Zoom link:https://meet.google.com/gta-omqx-swp. Focal Point/Contact: CHIKU ABDALLAH JUMANNE. Email:chikuabdallah52@gmail.com. Whats-app/phone:+255673988501"
3_p-8_ai_for_every_mind_concept_note.pdf,World Digital Technology Academy (WDTA) · Golden Gate University (GGU) ·,"AI for Every Mind: Education, Human Agency & Governance","CONCEPT NOTE First Session of the Global Dialogue on AI Governance 6–7 July 2026 I Palexpo, Geneva AI for Every Mind: Education, Human Agency & Governance Date & Time:  Monday, 6 July 2026, 14:15–15:00 CEST · Room G, Palexpo, Geneva Organizers:  World Digital Technology Academy (WDTA) · Golden Gate University (GGU) ·  ICARUS AI Background and focus Artificial intelligence is transforming how people learn, work and make decisions. In  education, AI-enabled tools promise personalized learning, expanded access and support  for teachers, yet they also raise fundamental questions about human agency: how  learners develop critical thinking, creativity and independent judgement in environments  increasingly mediated by algorithmic systems. Ensuring that AI serves every mind —  across regions, languages, income levels and abilities — is both an educational  imperative and a governance challenge. This side event, convened by the World Digital Technology Academy (WDTA), Golden Gate  University (GGU) and ICARUS AI on the margins of the First Session of the Global  Dialogue on AI Governance, will examine how education systems, academic institutions  and technology developers can work together to keep human agency at the centre of AI  adoption. Discussions will address the responsible integration of AI in teaching and  learning; the skills, literacy and safeguards needed for students and educators; and the  standards and governance frameworks required to ensure that AI in education is safe,  inclusive and rights-respecting. By bringing together perspectives from diplomacy, academia, standards development  and industry, the session aims to identify practical pathways for international   cooperation on AI and education, and to contribute concrete insights to the Global  Dialogue's broader deliberations on inclusive, human-centred AI governance. Speakers and Format The session will be held as a 45-minute in-person panel discussion, combining short  framing remarks with a moderated exchange among panelists and an interactive  question-and-answer segment with the audience. Speakers and panelists include: Amb. Prof. Muhammadou M. O. Kah Prof. Yale Li / WDTA Dr. Smrite Goudhaman / GGU Mr. Piyush Raut / GGU Dr. Chris Haberl / ICARUS Dr. hc. Nektar Baziotis / ICARUS Focal Point/Contact:  Dr.hc. Nektar Baziotis, President – CEO ICARUS AI Inc. nektar@icarus.education"
4_o-6_ai_dialogue_concept_note_aiquaint1.pdf,AI and Quantum International Hub (AIQUAINT),Intelligence Beyond Borders:,"CONCEPT NOTE First Session of the Global Dialogue on AI Governance 6–7 July 2026 I Palexpo, Geneva Intelligence Beyond Borders:  Empowering the Next Billion Toward an AI-Ready, Ethical and Equitable  Future Date & Time:  07 July 2026, 17:30–18:30 CEST  Organizers:  AI and Quantum International Hub (AIQUAINT)  Background and focus Artificial intelligence is rapidly reshaping labor markets, education systems, and  governance structures worldwide — yet the benefits and risks of this transformation are  not evenly distributed. For the ""next billion"" digital citizens, largely concentrated across  the Global South, AI presents both a historic opportunity for economic leapfrogging and  a serious risk of deepening existing inequalities. Millions of young people possess the  talent and ambition to shape the AI era, but structural gaps — in infrastructure, digital  literacy, funding, and representation in policy conversations — threaten to leave them as  consumers rather than co-creators of AI systems. This session moves beyond diagnosing the problem to showcasing what is already  working on the ground. Drawing on experience across Asia and the Middle East, the  panel will highlight national youth AI summits, ""AI for Good"" initiatives, and community- driven education programs that embed ethics and equity into AI literacy from the outset  — rather than treating them as an afterthought. The UAE, as a hub connecting South  Asia, Africa, and the wider Global South, offers a unique vantage point for this discussion,  with speakers bringing direct, cross-regional experience in policy, legal frameworks, and  education.  Central to the conversation is the question of governance: how can young people move  from being subjects of AI policy to genuine participants in shaping it? The panel will  examine mechanisms for embedding youth voice into global AI governance frameworks,  including multilateral dialogues like the UN's own,  o that regulatory and ethical  standards reflect the realities of those who will live longest with AI's consequences. The  session aims to leave participants with concrete models for replication and a clearer  sense of the governance pathways available for youth-led advocacy. Speakers and Format The panel brings together three speakers with complementary expertise and shared  grounding in UAE-based, globally-connected work. Gowri Shankar, Founder of the AI and  Quantum International Hub and an AI Ethicist, brings a technologist's and ethicist's lens  on responsible AI design for emerging economies. Shakilla Jhungeer, Chief Legal and  Compliance Officer at the Global Alliance for Artificial Intelligence (GAFAI), contributes  expertise in international legal and regulatory frameworks governing AI deployment and  accountability. Christopher Abraham, CEO of SP Jain School of Global Management,  Dubai, offers an academic and institutional perspective on preparing the next generation  of leaders and professionals for an AI-driven economy. The 60-minute session will run as a moderated panel discussion, opening with brief  framing remarks from each speaker (3–5 minutes) on their area of focus, followed by a  structured moderated dialogue drawing out cross-cutting themes — access, ethics,  education, and governance. The final 15 minutes will be reserved for audience Q&A,  encouraging engagement from young participants and Global Dialogue delegates. The  format is designed to balance expert insight with accessibility for a broad, youth-inclusive  audience. Focal Point/Contact:  Gowri Shankar Sivabala (gowrishankergs@gmail.com)"
4_p-25_official_ai_dialogue_concept_note_template.pdf,"Fondation Abeona / Global Trust Challenge, and the European","Information Integrity in the Age of AI: Building Trust, Countering","CONCEPT NOTE First Session of the Global Dialogue on AI Governance 6–7 July 2026 I Palexpo, Geneva Information Integrity in the Age of AI: Building Trust, Countering  Disinformation, and Protecting People Online Date & Time:  Tuesday, 7 July 2026, 07:30–08:15 (45 minutes) Organizers:  Fondation Abeona / Global Trust Challenge, and the European  Broadcasting Union (EBU) Background and focus This session brings together the Global Trust Challenge—a G7-mandated multi- stakeholder coalition building technical and policy tools in information integrity—and the  European Broadcasting Union (EBU) public service media network to address the  systemic erosion of trust across the global information ecosystem. Generative AI is  accelerating both the scale and the sophistication of disinformation while simultaneously  entering the information ecosystem as a direct source audiences consult. Public trust in  news is under sustained pressure: the Reuters Institute Digital News Report 2026  (University of Oxford, ~100,000 respondents across 48 markets) found overall news trust  at its lowest point since 2015 (37%), even as AI chatbot use for news reached 10% of  respondents and social media overtook news websites and apps as a news source (54%  vs. 51%). These trends converge with growing concern about AI-enabled harms that fall unevenly  on specific groups, including gendered disinformation and abuse targeting women  (notably women journalists and public figures) and risks to children from AI-generated  content and AI-driven platform design. The UN Global Dialogue on AI Governance  identifies information integrity, transparency, accountability and human rights protection  as core thematic pillars.  The Global Trust Challenge has emerged from the G7 Hiroshima process as a multi-  stakeholder coalition—convened by founding partners including the OECD, IEEE, and  UNESCO, and spearheaded by AI Commons, Fondation Abeona, and others—mandated  to develop information and policy tools to advance information integrity. The Global  Trust Challenge and the EBU each bring complementary, practitioner-level experience to  these questions: one from a multilateral coalition building technical and policy tools for  trust, the other from decades of editorial accountability and audience-trust research  across 68 public service media members in over 50 countries. This session is intended to connect that practitioner experience directly to the Dialogue's  deliberations on safe, secure and trustworthy AI and on human rights protection, ahead  of the Co-Chairs' summary. Speakers and Format Hamdhoon Rashad (Moderator) — Media Project Manager at the EBU, where he  moderates sessions on digital transformation and AI. He recently contributed to a joint  BBC/EBU study on the reliability of AI assistants as news sources. Tanya Perelmuter — Co-Founder of Fondation Abeona and ambassador for the Global  Trust Challenge (GTC), a G7-mandated coalition building trust in the information  infrastructure. Tanya works at the intersection of policy and technology to advance  information integrity, ensure inclusive access to AI, and guarantee that its dividends are  shared equitably and sustainably. Session co-organizer. Luis Jiménez — Head of Business Development & Partnerships at Eurovision News (EBU),  leading collaboration and transformation across Europe's public service media. A former  RTVE Spain journalist and Digital Transformation Expert, he manages the largest  database of public service news content. Session co-organizer. Keita Azuma — Associate Research Fellow at UNU-CRIS, researching media literacy in  the generative AI era and election-integrity cooperation across the Indo-Pacific and EU.  He has served in Japan's Cabinet Secretariat since 2011. Marie-Ève Nadeau — Head of International Affairs at 5Rights Foundation, with a  background in human rights and public policy and a decade advising governments and  civil society on internet governance, online safety, AI, and data protection. Format: moderated panel discussion with a short audience exchange. Focal Point/Contact: - Tanya Perelmuter, Fondation Abeona / Global Trust Challenge —  tanya.perelmuter@fondation-abeona.org · Session co-organizer   - Luis Jiménez, European Broadcasting Union — jimenez@ebu.ch · Session co- organizer"
5_o-7_empowered_you_ai_dialogue_concept_note1.pdf,Empowered You,Youth Perspectives on the Social and Ethical Implications of AI in Developing,"CONCEPT NOTE First Session of the Global Dialogue on AI Governance 6–7 July 2026 I Palexpo, Geneva Youth Perspectives on the Social and Ethical Implications of AI in Developing  Countries  Date & Time:  06 July 2026, 08:00–08:30 A.M CEST  Organizers:  Empowered You  Background and focus Artificial  intelligence  is  transforming  education,  employment,  communication  and  social  interaction  worldwide.  For  young  people  in  developing  countries,  AI  presents  significant  opportunities to improve access to knowledge, enhance productivity and foster innovation. At the  same time, it raises important ethical, social and governance challenges, including academic  integrity, workforce disruption, digital inequality, bias and the growing influence of AI on language,  communication and human behaviour. Despite being among the groups most affected by rapid AI adoption, young people in developing  countries remain underrepresented in global AI governance discussions. Their lived experiences  provide valuable insights into how AI is shaping everyday life, highlighting the need for governance  approaches that are inclusive, context-sensitive and responsive to diverse realities. This lightning talk will examine both the opportunities and the implications of AI for young people in  developing countries, encouraging balanced discussion on the benefits of innovation alongside the  need to address emerging risks. Particular attention will be given to transparency, accountability  and meaningful human oversight, while recognising that effective AI governance should support  innovation while safeguarding human rights and promoting responsible use. By bringing a grassroots youth perspective into the Global Dialogue on AI Governance, this session  aims to contribute to ongoing discussions on responsible AI development and use. Participants will  gain insight into the opportunities, challenges and governance considerations surrounding AI in  developing-country contexts, while encouraging greater recognition of youth voices in international  AI governance processes and promoting practical reflection on how AI can remain human-centred,  inclusive and beneficial for all.  Speakers and Format The session will be delivered as a 15-minute lightning talk by the Chair and Founder of  Empowered You, a youth-led initiative focused on youth engagement and AI awareness from a  developing-country perspective. The presentation will explore the opportunities and challenges associated with AI adoption  among young people, covering education, employment, communication, digital inequality and the  evolving relationship between AI and human interaction. Rather than presenting AI solely as either  a solution or a threat, the session will encourage a balanced discussion that considers both the  benefits of innovation and the importance of ethical safeguards, transparency, accountability and  meaningful human oversight. Following the presentation, participants will be invited to contribute questions and brief  reflections, creating an interactive exchange that encourages dialogue among participants from  different regions and stakeholder communities. This flexible format provides an opportunity to  share experiences, compare perspectives and identify common priorities for inclusive,  transparent and human-centred AI governance. The session aims to leave participants with practical insights into how youth perspectives from  developing countries can inform responsible AI development and contribute to more inclusive  international AI governance discussions. Focal Point/Contact: Aggrey Otieno Founder, Empowered You Aggreyotienoowiti@gmailcom"
5_p-9_side-event_global_dialogue_on_ai_governance_final.pdf,Campaign for Nature,"“Sustainable AI, Nature and the Governance Gap:”","CONCEPT NOTE First Session of the Global Dialogue on AI Governance 6–7 July 2026 I Palexpo, Geneva “Sustainable AI, Nature and the Governance Gap:” Format: High-Level Moderated Panel Discussion followed by an interactive discussion Venue: Room K Duration: 45 minutes Time: 7:30 to 8:15 AM Side-Event Co-organizers:  Campaign for Nature, French Government, UNEP, ITU, UNESCO,  Sustainable AI Coalition Description: This high-level side event will bring together governments, international organizations, Indigenous  Peoples and local communities leaders, industry representatives, academia and civil society to  discuss the most pressing priorities for advancing environmentally sustainable AI governance. The discussion will explore the many facets of the nexus between AI and nature, including the  environmental footprint of AI, the use of AI to benefit the planet, and one fundamental yet often  overlooked  dimension  of  this  relationship:  the  downstream  impacts  of  AI-driven  economic  acceleration on biodiversity and the natural systems that sustain human civilization. The conversation will also highlight how governance of AI to ensure its environmental sustainability  ranges from international frameworks to the internal policies of AI companies, and how it must be  grounded in dialogue among Indigenous Peoples and local communities leaders, policymakers,  scientists, civil society, and AI industry representatives on the relationship between AI systems and  natural systems. Rather than positioning AI and nature as opposing forces, the session will explore what governance  principles, safeguards, accountability mechanisms, and value systems may be needed at the    international  level  down  to  the  companies’  level  to  help  ensure  that  AI  contributes  to  an   environmentally responsible future rather than accelerating environmental decline. Objectives of the session: As existing nature coalitions and dedicated AI-centered coalitions, along with multi-stakeholder  initiatives  and  other  actors,  are  starting to  advocate  for  the  advancement  of  dialogue  and  collaboration at the intersection of AI governance and nature, the session will catalyze this  momentum. The session will crowdsource initial principles and governance priorities for 'Environmentally  Responsible AI' through interactive audience participation during and after the event. 25 minutes Panel discussion  Moderators (panel and open discussion): Sally Radwan,  Chief Digital Officer, UNEP & Tomas Lamanauskas,  Deputy Secretary General, ITU  Hindou Oumarou Ibrahim, Indigenous leader, member  and former chair of UN Permanent Forum on Indigenous  Issues  Mariya Gabriel, Assistant Director-General  Communication and Information, UNESCO  H.E. Clara Chappaz, Ambassador for AI and Digital  Affairs, France  Brian O’Donnell, Director, Campaign For Nature   Josh Parker, Head of Sustainability, Nvidia (TBC) 20 minutes Open Discussion The open discussion will bring additional perspectives to the  discussion and kick start the gathering of further feedback after  the side-event. In parallel, during the side-event, the audience will be  encouraged to contribute to the priorities and principles they  are identified or would like to see reflect to ensure that AI   Governance ensure that AI development, deployment and use  are respectful of and preserve our planet and its boundaries: - during the panel audience will interact using [Mentimeter] - after the panel co-organizers will encourage additional  feedback and ideas gathering through an online form"
6_o-13_ai_dialogue_concept_note_desertifai1.pdf,DesertifAI,DesertifAI,"CONCEPT NOTE First Session of the Global Dialogue on AI Governance 6–7 July 2026 I Palexpo, Geneva DesertifAI Lightweight Deep Learning for Climate Adaptation in Botswana  and the Global South Date & Time: Tuesday, 7 July 2026, 07:00–08:30 CEST (session expected to run  approximately 30–45 minutes) Organizers: DesertifAI Format: Online session Connection link: https://stanford.zoom.us/j/9713948258? pwd=LZJXx4T7Wspm6WpIKUDalbfyRAQanS.1&omn=93045334043 (Meeting ID: 971  394 8258 | Password: 070726)  Background and focus Climate change and desertification present existential threats to arid and semi-arid  ecosystems, particularly in the Global South. Traditional climate and land- degradation modeling requires immense computational power, often restricting  sophisticated predictive tools to institutions with access to high-performance  supercomputing infrastructure. This creates a severe digital divide, leaving local  policymakers and land managers in highly vulnerable regions without the real- time, high-resolution data necessary for timely environmental intervention and  adaptive management. To address this critical barrier, DesertifAI introduces a paradigm shift in climate  adaptation technology. DesertifAI is an open-source, lightweight AI framework  designed specifically to democratize access to advanced environmental modeling.  By using an optimized, browser-based U-Net operator, the framework accelerates  complex desertification simulations by an unprecedented 5,500 times. This  computational efficiency allows highly detailed, localized predictive models to run  seamlessly on standard consumer hardware - such as basic laptops and tablets -   without requiring supercomputers, specialized local infrastructure, or constant  high-bandwidth internet connectivity. The focus of this session is to showcase the deployment of DesertifAI, drawing  directly from a collaborative partnership with environmental policymakers and  local stakeholders in Botswana. This is generalized to how high-speed, localized AI  can be practically integrated into national climate adaptation policies and regional  land-use planning. Ultimately, this will serve as a scalable roadmap for how  lightweight deep learning can empower local communities, bridge global technical  disparities, and build autonomous climate resilience throughout developing  regions, demonstrating that cutting-edge AI can be successfully deployed under  significant resource constraints. Speakers Aritro Chatterjee is the founder of DesertifAI and a student at Stanford University  studying mathematics, computer science, and earth systems. He develops hybrid  deep-learning and mathematical models to predict desertification and inform  global land-use policy, with research published at IEEE ICDM UGHS, ICML, and  AGU. A Rise Global Fellow, World Science Scholar, and Non-Trivial Fellow, Aritro has  served as one of 25 global UN Youth Parliament members, delivering speeches at  the 78th and 79th UN General Assemblies where he co-drafted the Youth Stimulus  to Deliver Agenda. He is also the founder of The Eco-Perspectives Podcast, which  amplifies youth-led environmental initiatives across seven countries. In this session, Aritro will draw on his technical and policy background to  demonstrate how rigorous computational science can be bridged with institutional  framework design. He will guide attendees through the browser-based U-Net  operator framework, discuss practical policy integration based on collaborative  efforts with stakeholders in Botswana, and share scalable pathways to build  climate-resilient health systems and land-use policies for the world's most  vulnerable communities."
6_p-10_ai_dialogue_concept_note_template.pdf,SASOK Foundation & Evorin LLC,Proof-of-Emotion:,"CONCEPT NOTE First Session of the Global Dialogue on AI Governance 6–7 July 2026 I Palexpo, Geneva  Proof-of-Emotion:  Cryptographic Sovereignty and Human Authenticity in  Layer-1 Symbiotic Governance Date & Time:  Tuesday, 7 July 2026, 08:15–08:45 CEST (Room K) Organizers:  SASOK Foundation & Evorin LLC Background and focus As artificial intelligence transitions from narrow applications to multi-agent autonomous systems,  the frontier of global governance faces an unprecedented paradigm shift. Traditional  cryptographic identity verification frameworks fail to distinguish between human-generated  keystrokes and sophisticated AI-driven behavioral synthetics. This vulnerability threatens to  undermine democratic consensus, financial sovereignty, and digital trust architectures. The SASOK Foundation introduces ""Proof-of-Emotion"" (PoE), a pioneering decentralized protocol  built on Layer-1 symbiotic infrastructure. Designed to meet the foundational pillars of UNGA  Resolution A/RES/79/325 and the Global Digital Compact, PoE bridges the gap between raw  compute power and verifiable biological human intent. Unlike invasive biometric tracking, PoE  relies on Zero-Knowledge (ZK) cryptographic proofs that analyze micro-behavioral, non-invasive  cognitive and affective telemetry. This ensures that personal sovereignty and human rights are  fully preserved while maintaining absolute privacy. This side event focuses on the practical implementation of PoE within the context of the AI Act  Conformity Check frameworks. It presents a modular architecture where human authenticity can  be verified on-chain natively, neutralizing deepfake manipulation and automated Sybil attacks at  the infrastructure level. By anchoring technological policy into algorithmic consensus, Layer-1  symbiotic governance provides nations with a scalable, neutral environment to coordinate cross-  border AI safety standards, protect sovereign data integrity, and guarantee human-centric  systemic resilience in an era dominated by synthetic intelligence. Speakers and Format The session will follow an intensive, high-impact Briefing and Technology Demonstration format  (30 minutes), structured to provide both high-level geopolitical insights and concrete engineering  solutions: ●Opening & Problem Definition (5 mins): Contextualizing the erosion of digital human  authenticity under autonomous AI agent deployment. ●Keynote Address (10 mins): Teymur Safiulov, Lead Symbiotic Architect (SASOK  Foundation / Evorin LLC). Presentation of the Layer-1 Symbiotic Governance Whitepaper  and the underlying mathematics of Proof-of-Emotion protocols. ●Live Prototype & Architectural Review (10 mins): Technical deep-dive into ZK-telemetry  validation pipelines, showcasing real-time mitigation of deepfake vectors and automated  coordination threat models within compliant European AI Act infrastructures. ●Interactive Panel Q&A & Policy Synthesis (5 mins): Open floor discussion with delegates  regarding cross-border deployment, sovereign compliance, and strategic integration into  UN-Habitat and ITU global frameworks. Focal Point: Name: Teymur Safiulov, Lead Symbiotic Architect Organization: SASOK Foundation / Evorin LLC Email: tsheylock@gmail.com"
7_o-14_ai_dialogue_concept_note_aijob_creation1.pdf,Lead Entity: Internet Governance Forum (IGF) - Dynamic Coalition on Digital,AI and Job Creation,"CONCEPT NOTE First Session of the Global Dialogue on AI Governance 6–7 July 2026 I Palexpo, Geneva AI and Job Creation Title: AI and Job Creation Date & Time:  7 July 2026, 07:00 AM – 08:30 AM CEST Organizers:  Lead Entity: Internet Governance Forum (IGF) - Dynamic Coalition on Digital  Economy and Project CREATE                             Co-Organizer: Health Parliament Joining Link: https://zoom.us/webinar/register/WN_CY1nM3loQo2Ji0HjxAjV5w  A short description (2–3 sentences) for the public programme listing:  AI and Job  Creation organized by Internet Governance Forum (IGF) - Dynamic Coalition on Digital Economy,  Project CREATE and Health Parliament examine how artificial intelligence is reshaping labour  markets, displacing routine roles while generating new categories of work and what this means for  workers, economies, and societies. The session brings together policymakers, industry leaders,  and civil society to explore workforce transition strategies, reskilling frameworks, and inclusive  governance design. It calls for co-developed frameworks that ensure AI-driven growth benefits all  workers, not just capital holders. Background and focus Artificial intelligence is no longer a distant technological prospect, it is actively reshaping labour  markets across the world, transforming the nature of work at a pace that public policy, education  systems, and social protection frameworks have yet to match. While AI is displacing routine and  repetitive roles across sectors, it is simultaneously generating entirely new categories of work that  demand new competencies, new institutional arrangements, and new governance approaches.  The central challenge of our time is not whether AI will change work, it will and it already has, but  whether this transformation will be managed in a way that is fair, inclusive, and equitable. History  has shown that technological transitions, when left ungoverned, tend to concentrate gains among  capital holders while distributing costs among workers. The AI transition risks following the same  pattern unless deliberate action is taken by governments, industry, and civil society working  together. The Global Dialogue on AI Governance, convened by the United Nations, represents a historic  opportunity to establish the foundational frameworks that will govern AI's role in economies and  societies. The session on AI and Job Creation sits at the heart of this agenda, addressing the human  dimension of AI deployment; the workers, communities, and institutions most affected by this  transition. Organized by the Internet Governance Forum's Dynamic Coalition on Digital Economy, Project  CREATE (Collaborate to Realize Employment & Entrepreneurship For All Through Technology  Ecosystem), and Health Parliament, this session brings together leading voices from policy,  industry, and civil society to examine workforce transition strategies, reskilling frameworks, and  inclusive policy design. The session urges co-development of governance frameworks that ensure  AI-driven growth benefits all workers, not just capital holders, and advances the vision of Internet  for All and Livelihood for All. Speakers and Format The session will run for 90 minutes (7:00 AM – 8:30 AM CEST) in an online format, bringing together  a diverse panel of speakers. Each speaker will be invited to share their perspective for 7-8 minutes,  followed by a moderated discussion and an open Q&A segment. Speakers*:  Dr. Rajendra Pratap Gupta, Chairman, Digital First Foundation; Chair, Internet Governance  Forum’s Dynamic Coalition on Digital Economy Ms. Mevish P. Vaishnav, President, Academy of Digital Health Sciences Ms. Jennifer Chung, Chair, Multistakeholder Advisory Group, Internet Governance Forum Mr. Hani Eskandar, Digital Services Senior Coordinator, Digital Society Division,  Telecommunication Development Bureau, ITU Mr. Hamet Watt, Venture Partner, Upfront Ventures Mr. Marc Jones, Chair, Board of Trustees, Stanford Health Care Ms. Jade Nester, Director and Head of Data Public Policy for Europe, TikTok Prof. Muhammad Yunus, Recipient of the 2006 Nobel Peace Prize; Founder & Former MD,  Grameen Bank * The speaker list may change, as we are still awaiting confirmations from a few speakers. We will  update the speaker list and the promotional flyers accordingly.  Focal Point/Contact: Ms. Mevish P. Vaishnav president@parliament.health  Ms. Debosmita Gupta debosmita@parliament.health"
7_p-1_ai_dialogue_concept_note.pdf,●Organizers,Pathways to inclusive AI governance:,"CONCEPT NOTE First Session of the Global Dialogue on AI Governance 6-7 July 2026 I Palexpo, Geneva Pathways to inclusive AI governance: learning from the past, co-building the future Date & Time:  ●7 July 2026, 12:00–12:45 (CEST) ●Room E (120) Organizers:  ●Organizers ○The Future Society     (TFS) ○Future of Life Institute     (FLI) ○The Elders     ○International Association for Safe and Ethical AI     (IASEAI) ○Global Network Initiative (GNI)     ○Centre for Communication Governance (CCG) at National Law University Delhi       (CCG) ○Multistakeholder Approaches to Participation in AI Governance     (MAP AI) ●Member State co-sponsors: ○Permanent Mission of Greece to the United Nations Office and other International  Organizations in Geneva ○Office of the Special Envoy on Technology for the Republic of Kenya Background and focus AI's cross-border impact demands both international coordination and genuinely inclusive multi- stakeholder engagement. The pace of frontier AI development outstrips the cycles through which  governments legislate, build institutions, and reach consensus. Its most significant risks cross   borders regardless of where systems are built; its benefits are concentrating among a few while  the effects are felt by all. No national framework, however sophisticated, can manage this alone. Meeting this moment requires something the international community has built before but must  now develop at speed: multilateral coordination grounded in geopolitical and socio-technical  realities, and meaningful multistakeholder engagement that draws in the wide range of expertise  this technology demands. This includes three essential constituencies. The Global Majority: advanced AI is a truly global  challenge, shaped by decisions made in a handful of jurisdictions yet affecting every country.  Frameworks built without those countries at the table will lack contextual relevance, legitimacy  and durability. The scientific and technical community: the technical risks of frontier AI are real  and specific, yet still poorly understood by many governance actors. Independent scientific  expertise must inform international processes, not follow them. And, civil society: the impact of AI  on society, the priorities of citizens and the scrutiny of independent organisations are not an  afterthought — they are an essential contribution to and condition of trustworthy governance. This side event convenes notable global leaders, technical experts, diplomats and civil society  representatives to look to the past to examine how international cooperation around other global  challenges was managed, and discuss how we co-build AI governance for the future. Drawing on  the first UN Global Dialogue and looking ahead to other key AI governance moments, it seeks to  map out how we can advance from learning to action: identifying key lessons, mapping viable  coordination pathways, and seeding the relationships needed to carry them forward. Speakers and Format Welcome and Opening (5min) -Elonnai Hickok, Managing Director, Global Network Initiative -Niki Iliadis, International AI Governance Director, The Future Society  Remarks (15min) -H.E. Mary Robinson, former President of Ireland and former UN High Commissioner for  Human Rights, Chair of the Elders  -H.E. Philip Thigo, Ambassador, Special Envoy on Technology, Office of the President of  Kenya  -H.E. Ioannis Ghikas, Permanent Representative, Permanent Mission of Greece to the UN  Discussion (20min) -Urvashi Aneja, Digital Futures Lab and Global South Network on Trustworthy AI  -Paulina Ibarra, Managing Director and Founder, Fundacion Multitudes  -Benjamin Prud’homme, Vice President, Policy, Safety and Global Affairs, Mila (Moderator) Reflections and closing (5 min) - Jorge Cancio, Co-Director of International Relations at the Swiss Federal Office of  Communications (OFCOM)  Focal Point/Contact: ●Anoush Tatevossian, The Future Society (TFS)  ○anoush@thefuturesociety.org     ●Elonnai Hickok, Global Network Initiative (GNI) ○ehickok@globalnetworkinitiative.org"
8_o-15_ai_dialogue_concept_note_digital_inclusion.pdf,Philippine ICT Innovation Network (PIIN) and the Digital Innovation for Women Advancement,Driving Digital Inclusion in the Age of AI:,"CONCEPT NOTE    First Session of the Global Dialogue on AI Governance  6-7 July 2026 I Palexpo, Geneva    Driving Digital Inclusion in the Age of AI:   How Women and Countryside Communities Can Advance Responsible and Transformative AI     Date & Time: Tuesday, 7 July 2026, 07:00-08:30 CEST    Organizers:  Philippine ICT Innovation Network (PIIN) and the Digital Innovation for Women Advancement  (DIWA)    Short Title: The DIWA Dialogue  DIWA is a Filipino word that means spirit, essence, consciousness, or inner meaning.  For this dialogue, DIWA reflects the spirit of inclusive AI — where women, countryside communities, and local  innovators are not only included in the conversation but are empowered to shape the future of responsible and  transformative technology.    Background and focus  Artificial intelligence is reshaping work, enterprise, education, public services, and community development.  Its benefits will reach women and countryside communities only if inclusion is designed deliberately into  policies, infrastructure, skills programs, financing, and innovation ecosystems. For women, MSMEs, youth, and  communities outside major urban centers, AI can improve productivity, creativity, livelihoods, local problem- solving, and participation in the digital economy. Without purposeful action, however, AI may deepen gaps in  access, confidence, language, safety, data, finance, and representation.    This online side event will convene a focused dialogue on how responsible and transformative AI can advance  digital inclusion, especially for women and communities outside metropolitan centers. Drawing from Philippine  and Global South experience, it will highlight local ICT councils, digital jobs programs, startup and MSME  support, women-in-technology initiatives, and community-based innovation ecosystems. The discussion will  explore practical pathways for AI adoption that is human-centered, rights-respecting, culturally responsive,  and grounded in local needs.    The session will address three questions: How can women and countryside communities use AI for productivity  and digital-economy participation? What safeguards and governance principles are needed to build trust and  prevent exclusion, bias, and harm? How can governments, industry, academe, civil society, and local  innovation networks collaborate so AI becomes a bridge rather than a barrier? The expected outcome is a set of  actionable insights and partnership directions for inclusive AI capacity-building, responsible adoption, and  community-led innovation.    Speakers and Format  The 90-minute session will be an interactive policy and practice dialogue. It will open with brief framing remarks  by the Philippine ICT Innovation Network and Digital Innovation for Women Advancement (DIWA) advocates  on inclusive and responsible AI as a development strategy for women and countryside communities. This will  be followed by a moderated panel with perspectives from AI governance and digital inclusion, women in  technology, local innovation ecosystems, MSME/startup support, academe, and community-based ICT  development.         Proposed Flow: 5 minutes for welcome and objectives; 10 minutes for framing presentation; 40 minutes for  panel interventions; 20 minutes for moderated exchange with participants; and 15 minutes for synthesis, key  takeaways, and possible collaboration points. Speakers will be encouraged to share practical examples,  implementation lessons, and policy recommendations. The session will close with opportunities for continued  cooperation after the Global Dialogue.    Format: Zoom with registration  Registration LINK: https://us02web.zoom.us/meeting/register/D8UkETwoSgqPw-0QVuV06g    Convenor and Moderator:  Atty. Jocelle Batapa-Sigue is a nationally recognized ICT innovation leader, digital governance advocate, and  ecosystem builder. A TOWNS (The Outstanding Women in the Nation’s Service) Awardee, she has spent  over two decades championing digital inclusion, women’s online safety, AI governance, and countryside  development. Jocelle is the Convenor of the Philippine ICT Innovation Network, former DICT  Undersecretary, and Co-Founder of Batapa-Sigue & Sigue Law Offices. She is trained in AI governance by  leading global institutions—including the Alan Turing Institute, International Telecommunication Union, and  London School of Economics Executive Education—and continues to lead multi-sector initiatives that  strengthen innovation and future-ready skills across the Philippines.    Panelists:  Joie Cruz is the Founder and CEO of Limitless Lab, a Filipino social innovation and design thinking company  helping government agencies, NGOs, and businesses solve complex problems through creativity, technology,  and human-centered design. Recognized as a Tatler Gen.T Honouree, Joie has led innovation projects across  the Philippines, including coaching Butuan City to win the USD 1M Bloomberg Global Mayors Challenge. She  is a sought-after speaker and facilitator on design thinking, public sector innovation, and women’s leadership,  and continues to champion inclusive, people-centered solutions for social impact.    Frei Sangil is the CEO and Lead Data Scientist of Layertech Software Labs, a civic-tech and research  company based in Albay focused on data analytics, cybersecurity, and digital governance. She leads projects  that help LGUs and communities use data for disaster preparedness, transparency, and evidence-based  decision-making. Frei is a recognized advocate for ethical, accessible, and community-centered technology,  frequently speaking at national ICT events on cybersecurity, AI, and public sector innovation.    Lorna Bondoc is the Founder and CEO of Yoveo Digital, a creative and digital marketing company helping  brands, NGOs, and public sector partners strengthen their online presence through strategic storytelling and  modern content production. She leads Yoveo’s work in social media management, branding, and digital  capacity-building for organizations across the Philippines. Lorna is a passionate advocate for empowering  communities and MSMEs to use digital tools effectively and sustainably.      Focal Point/Contact:  Atty. Jocelle Batapa-Sigue, Convenor, Philippine ICT Innovation Network   URL: jocellebatapasigue.com"
8_p-6joint_concept_note_ibdi_nidhi_supreme_court.p-6_docx.pdf,"1) Alyne Andrade Bezerra is a lawyer, lecturer, and PhD in Law from the","From Gatekeepers to Global Interoperability: Accountability,","CONCEPT NOTE First Session of the Global Dialogue on AI Governance 6–7 July 2026 I Palexpo, Geneva From Gatekeepers to Global Interoperability: Accountability,  Market Power and Translator Layers in AI Governance Date & Time    :   Tuesday 7 July 2026, 12:00–12:45 CEST, Location: Room F Organizers: 1) Alyne Andrade Bezerra  is a lawyer, lecturer, and PhD in Law from the  University of Lisbon, specializing in Competition Law, Digital Regulation, Artificial  Intelligence, and Intellectual Property. She serves as Director of International  Relations at the Brazilian Institute of Information Technology Law (IBDI), with  research  focused  on  digital  markets,  platform  governance,  and  emerging  technologies in the European Union and Latin America. 2) Nidhi Singh is an Advocate-on-Record at the Supreme Court of India and Panel  Counsel (Service Laws) at the Delhi High Court, with litigation practice extending  to US District and State Superior Courts in California, New York, Texas, and  Arizona. She holds a JSM from Stanford Law School, an MSc from Oxford Law as  Louis-Dreyfus Weidenfeld Scholar, Public Policy from Harvard, and a PG. Diploma  in Economics for Competition Law from King's College London. A Non-Resident  Fellow at the Dhirubhai Ambani School of Law, AI Policy Lead at RegHorizon,  Switzerland, and visiting faculty at leading Indian National Law Universities, her  research  spans  Constitutional  litigation,  Competition  law,  algorithmic  accountability,  arbitration  and  interoperability  mechanisms  for  global  AI  governance. Background and focus Artificial intelligence is being governed through a rapidly multiplying patchwork  of instruments: the EU AI Act and Digital Markets Act, Brazil’s draft AI framework  (PL 2338/2023), India’s emerging judicial and Ministerial sectoral guidance, the   Council of Europe Framework Convention, and a growing body of  soft-law  standards. This fragmentation creates two intertwined risks. First, compliance  burdens  concentrate  advantage  in  the  largest  firms  -  the  same  digital  gatekeepers whose market power AI now amplifies through control of compute,  foundation models, data, and distribution channels. Second, jurisdictions in the  Global South risk becoming rule-takers, importing frameworks calibrated to  other markets without the institutional capacity or interoperability mechanisms  needed to adapt them. This session merges two complementary proposals -  IBDI’s “AI Governance and  Digital Gatekeepers: Accountability, Interoperability and Market Power in the  European Union” (ID 79) and “From Fragmentation to Interoperability - Translator  Layers for Global AI Governance” (ID 85) - into a single conversation across the  European Union, Latin America, and South Asia. It examines (i) how EU-style  gatekeeper regulation addresses accountability and market power in AI value  chains, and what lessons and limits it holds for other regions; and (ii) whether  “translator layers” - technical, legal, and institutional mechanisms that map  obligations across regimes - can move global AI governance from fragmentation  to interoperability without forcing harmonization. Drawing on Brazilian, Indian, and European perspectives, speakers will explore  concrete design choices: mutual recognition of conformity assessments, model  documentation standards that travel across jurisdictions, interoperable audit  and incident-reporting formats, and the role of courts and regulators in the  Global South as active shapers rather than passive recipients of AI governance  norms. The objective is a set of actionable propositions for the Global Dialogue  on  how  accountability  for  powerful  AI  actors  and  interoperability  across  governance regimes can be pursued together rather than traded off against each  other. Speakers and Format The session will run for 45 minutes as a moderated roundtable designed for  interaction. Confirmed speakers: Dra. Alyne Andrade de Oliveira Bezerra (Director  of International Relations, IBDI) on EU gatekeeper regulation, digital markets,  and platform governance in the EU and Latin America; Ms. Nidhi Singh (Advocate- on-Record, Supreme Court of India) on translator layers, interoperability, and  algorithmic accountability from a Global South litigation and policy perspective;  and  Mr. Anurag Vijay (Advocate, Jharkhand High Court, India) on comparative  regulatory design and implementation in India.  Run of show: opening framing by the co-organizers (7 minutes); a moderated  exchange  structured  around  three  questions  -  who  is  accountable  for  AI  gatekeeper power, what would interoperability actually require, and what role   should the Global South play (23 minutes); open discussion with the audience (12  minutes); and closing takeaways for the Global Dialogue (3 minutes). The format  prioritizes dialogue over presentations: no slides, short interventions, and more  than a quarter of the session reserved for audience participation, reflecting the  co-equal collaboration between the organizing teams. Focal Point/Contact: Alyne Andrade: alyne@alyneandrade.com.br LinkedIn: www.linkedin.com/in/alyne-andrade Lattes: https://lattes.cnpq.br/7514291417337354 Nidhi Singh, email: nidhisingh.email@gmail.com LinkedIn: https://www.linkedin.com/in/nidhi-singh-aor/"
9_o-16_ai_dialogue_concept_note_aidevelopingcountries1.pdf,University of York,"Artificial Intelligence in Developing Countries: Opportunities,","CONCEPT NOTE First Session of the Global Dialogue on AI Governance 6–7 July 2026 I Palexpo, Geneva Artificial Intelligence in Developing Countries: Opportunities,  Challenges, and Inclusive Governance Title: Artificial Intelligence in Developing Countries: Opportunities, Challenges, and  Inclusive Governance Date & Time:  6 July 2026, 07:00 PM – 07:45 PM CEST Organizers:  University of York Joining Link: https://us06web.zoom.us/j/87972178922? pwd=fk0GS97zgIMReO4x6dYey5vmffbtt6.1  A  short  description  (2–3  sentences)  for  the  public  programme  listing:  Artificial  intelligence  is  transforming  economies,  public  services,  and  societies  worldwide,  yet  many  developing countries continue to face significant barriers to its effective and responsible adoption.  This interactive panel will bring together experts from academia and entrepreneurship to discuss  how inclusive AI governance can maximise development opportunities while addressing economic,  ethical, social, cultural, linguistic, and technical challenges. Background and focus Artificial intelligence is transforming economies, public services, and societies worldwide, yet many  developing countries continue to face significant barriers to its effective and responsible adoption.  This interactive panel will bring together experts from academia and entrepreneurship to discuss  how inclusive AI governance can maximise development opportunities while addressing economic,  ethical, social, cultural, linguistic, and technical challenges. Speakers and Format  The session will be structured around two complementary talks followed by an interactive  discussion with the audience. The first presentation (approximately 20 minutes) will examine ""Artificial Intelligence in  Developing Countries: Opportunities, Governance, and Inclusive Pathways for Sustainable  Development."" It will explore how AI can contribute to sustainable and inclusive development  while addressing the governance challenges faced by developing countries. The presentation will  discuss the role of digital infrastructure, institutional capacity, human capital, data governance,  cybersecurity, ethical safeguards, and international cooperation in enabling responsible AI  adoption. Drawing on international case studies and emerging global AI governance initiatives, it  will demonstrate how developing countries can become active participants in shaping the future  global AI ecosystem rather than simply adopting technologies developed elsewhere. The second talk (approximately 15 minutes) will offer ""An Optimistic Perspective on the Impact of  AI on the Global South."" Drawing on research into the Future of Work with AI, it will explore how  AI can function as a form of cognitive augmentation and enabling infrastructure that expands  human capabilities, transforms knowledge acquisition, and supports new models of work,  learning, and innovation. The presentation will argue that, when supported by appropriate  governance and investment, AI can become a levelling force that promotes inclusive economic  development and reduces, rather than reinforces, global technological inequalities. The session will conclude with approximately 10 minutes of questions and discussion, providing  participants with an opportunity to engage directly with both presentations, share perspectives,  and discuss practical policy implications for advancing inclusive and human-centred AI  governance in developing countries. Speakers: Viktor Manahov, PhD, University of York; Tanya Hadzhieva, PhD Candidate, University  of York; Roop Bhadury, experienced entrepreneur and PhD Candidate, LSE Focal Point/Contact: Viktor Manahov"
O34_Dialogue_Concept_Note_CAIDP.pdf,Center for AI and Digital Policy,The Red Line Challenge,"CONCEPT NOTE    First Session of the Global Dialogue on AI Governance  6–7 July 2026 I Palexpo, Geneva    The Red Line Challenge  Global Convergence on AI Prohibitions      Date & Time:  7 July 2026, 19:00–20:00 CEST  Organizers:  Center for AI and Digital Policy  Format: Online panel discussion  Zoom registration link: https://us02web.zoom.us/webinar/register/WN_1sIZlr1_TO-F3OHk9xSj0w  Short description for public program listing:  Enforcing prohibitions for AI systems incompatible with human rights and democratic values is a global  governance priority. Drawing on international AI frameworks and the CAIDP AI Index findings, the session  examines progress on AI prohibitions, focusing on progress, implementation gaps, and emerging issues.  Key questions include: Which AI systems are currently prohibited and how are these prohibitions  enforced? What new issues have emerged? How do we maintain momentum on implementation? Insights  can inform the UN International Scientific Panel and the Global Dialogue.  Background and focus  As AI systems become increasingly integrated into societies, governments face a fundamental governance  challenge: determining where clear red lines must be drawn to prevent AI uses that are incompatible with  human rights and democratic values. While global AI governance discussions have produced a growing  number of legal frameworks, an urgent question remains: are there circumstances where mitigation and  oversight are insufficient—and where certain AI applications should not be permitted?  Building on the Center for AI and Digital Policy’s (CAIDP) work on AI red lines and its CAIDP AI Index, this  session will explore the emerging global consensus that some AI uses require clear prohibitions. Across  international frameworks, including the UNESCO Recommendation on AI Ethics and the Universal  Guidelines for AI, national legislation, court decisions, and debates on military AI, governments and  institutions are increasingly recognizing that certain applications—including those involving mass  surveillance, social scoring, manipulative systems, discriminatory profiling, and AI systems that   undermine meaningful human control—pose risks that cannot be adequately addressed through technical  measures.  The session will examine how a human-centric approach can serve as the foundation for identifying AI red  lines. Rather than beginning with technological capabilities or existing mitigation tools, the discussion will  center on fundamental questions: What protects human dignity and agency? What safeguards equality,  democratic participation, and the rule of law?   Drawing from comparative insights across more than 90 countries through the CAIDP AI Index, the  session will examine progress in AI red lines, implementation gaps, and practical pathways for translating  principles into enforceable prohibitions. It will also consider how Global South governments and civil  society actors can shape AI governance debates as active participants in defining global norms.  The discussion will contribute to ongoing global AI governance efforts, including by providing insights  relevant to the Independent International Scientific Panel on AI, and will support a shift from identifying  risks to advancing concrete governance action.  Speakers and Format  Online Panel Discussion  Moderator - Christabel Randolph, CAIDP Associate Director  Christabel Randolph is Associate Director at the Center for AI and Digital Policy (CAIDP), where she leads  the U.S. AI Law & Policy Group and coordinates high-level advice to the U.S. Congress, federal  agencies, and state legislatures. An attorney with more than a decade of international legal and policy  experience, her work focuses on AI governance, and safeguards for emerging technologies.    Speaker - Stuart Russell, Distinguished Professor of Computer Science at the University of  California at Berkeley  Professor Stuart J. Russell Stuart is the Smith-Zadeh Chair in Engineering and director of the Centre for  Human-Compatible AI at the University of California Berkeley. His book Human Compatible: Artificial  Intelligence and the Problem of Control (2019) examines how best to ensure control of AI technologies.  Speaker - Tim Engelhardt Human Rights Officer, OHCHR  Tim Engelhardt’s work at the UN Human Rights Office (OHCHR) focusses on the impacts of new and  emerging technologies on the enjoyment of human rights. He covers a broad range of related issues,  including digital surveillance, free expression online, artificial intelligence and cybercrime.   Speaker - Dr. Grace Thomson, CAIDP AI Policy Clinic Director  Grace is an Advisor in Policy and Strategy on AI and Public Innovation. She leads strategy and operations of  the AI Policy Clinics and the research logistics of the CAIDP AI Index. As a CAIDP Fellow, she led policy  engagement with the UK ICO on Generative AI and advised the G7, the UN, and the African Union on AI  governance.    Speaker - Idil I. Kaner, Esq., CAIDP Fellow and UN-lead  Idil I. Kaner is a qualified lawyer admitted in New York and England & Wales and an AI governance and  policy advisor with professional experience in the Middle East. She advises companies on the  development and deployment of technologies that comply with international standards and national laws,  and supports governments in designing human-centric AI policies and regulatory frameworks.   Speaker - Ayca Ariyoruk, CAIDP Senior Fellow  Ayca is a global policy strategist with two decades of experience in diplomacy, technology, and education.  She spent nearly a decade at Soliya, scaling technology-enabled public diplomacy across Europe, North  Africa, the Middle East, and North America. Previously, she worked on major United Nations reform efforts  in the early 2000s.  Focal Point/Contact:  Ren Bin Lee Dixon, CAIDP Policy Group Associate, renbin@caidp.org  Relevant thematic cluster:   Respecting, protecting and promoting human rights: transparency, accountability and human"
o-10_ai_dialogue_concept_note_ccaoi_panel.pdf,CCAOI - TechNiti,Virtual Panel,"CONCEPT NOTE    First Session of the Global Dialogue on AI Governance  6–7 July 2026 I Palexpo, Geneva    Virtual Panel  From New Delhi to New York: Implementing Inclusive AI Governance in Practice          Date & Time:  07 July 2026, 07:00–07:45 CEST     Organizers:  CCAOI - TechNiti     Background and focus  The AI Impact Summit Declaration (New Delhi Declarationi1 ), endorsed by over 90 countries and  international organizations, reflects a growing consensus that AI governance must simultaneously  advance safety, trustworthiness and human rights while expanding access to AI infrastructure, skills,  scientific collaboration and innovation opportunities for developing countries.  Building on this momentum, this interactive session will explore how governments and stakeholders  can balance concerns around advanced AI risks with immediate development priorities including AI  capacity-building, compute access, open-source ecosystems, workforce development and public- interest AI applications, especially in the global majority. Drawing on the ongoing debate about whether  AI requires extraordinary governance measures2 or should be governed through adaptive and  institutionally grounded approaches, the session will focus on practical pathways for implementing  inclusive AI governance.  The session’s focus is on practical pathways for implementing inclusive AI governance. Participants will  co-develop a concise set of Recommendations on Inclusive AI Governance, synthesizing actionable  insights on:  ● Proportional and adaptive approaches to AI safety and risk management;   ● Access to compute and digital infrastructure;  ● Open-source and open innovation ecosystems;  ● Governance interoperability and international cooperation;  ● AI capacity-building and skills development    1 https://www.mea.gov.in/bilateral-documents.htm?dtl/40809   2 https://www.normaltech.ai/p/do-ai-risks-require-extraordinary    The recommendations will be shared with participants and relevant international processes as a  contribution to ongoing global AI governance discussions.    Speakers and Format  Moderator(s): Amrita Choudhury & Snehashish Ghosh     Speakers:  ● Kavita Bhatia, Scientist G and Group Coordinator, Ministry Of Electronics and IT,  Government of India  ● Audace Niyonkuru, CEO Digital Umuganda, Rwanda    ● Molly Montgomery, Director Public Policy, Meta  ● Merl Chandana, Research Manager and Team Lead: Data, Algorithms, and Policy,   LIRNEasia, Sri Lanka,     Format  Introduction and Context Setting (5mins)  Moderated Panel Discussion (30 mins)  -  With two rounds of questions   Audience Q&A  (7 mins)  Summarizing the discussion (3 mins)    Focal Point/Contact:  Amrita Choudhury (amritachoudhury@ccaoi.in)    Virtual Meeting Link:   https://us02web.zoom.us/j/83618813224?pwd=ubGWZ3yJyn4BURQYERTb5kiccBN0sM.1    Meeting chat link: https://us02web.zoom.us/launch/jc/83618813224    Meeting ID: 836 1881 3224  Passcode: 484205"
o-21_virtual_side_event_tech_governance_project.pdf,Tech Governance Project,"As AI systems continue to evolve and integrate into global workflows, there is a growing consensus on the need","Virtual Side Event | Tech Governance  Project     Global Dialogue on AI Governance (Geneva 2026)  Requested Detail Submission     1. Session Title: Harmonizing AI Governance: Standardization, Transparency, and African Cooperation    2. Short description  This session drives cooperation on AI standardization and transparency by exploring how African stakeholders  can build on existing frameworks to meaningfully contribute to evolving global AI governance architectures.     3. Concept note   As AI systems continue to evolve and integrate into global workflows, there is a growing consensus on the need  for standardization in testing, documentation, and reporting for General-purpose AI (GPAI) models to  robustly oversee AI and mitigate critical risks such as cyber threats, bio threats, and loss of control. Standards are  widely recognized as essential in ensuring reliability, safety, and interoperability. Current efforts in AI  standardization range from soft laws to voluntary standards and advisory frameworks, including the EU AI  Code of Practice, ISO/IEC 42001, Kenya's KS 3007:2025, and the NIST AI Risk Management Framework,  among others. Regionally, the African Union's Data Policy Framework and Continental AI Strategy emphasize  the importance of developing localized technical capacity and a voice in international AI discussions to ensure  that Africa actively contributes to shaping global AI norms.     By raising awareness and driving consensus among African stakeholders regarding meaningful contributions to  AI standards and transparency governance, TGov plays a key role in building safe, secure, and trustworthy AI.  This aligns with the important objective of the Global Dialogue on Artificial Intelligence Governance.    4. Sign-up/connection link: https://luma.com/sekannjl       5. Date and Time: Monday, July 6th, from 13:00 PM to 14:00 PM"
o-22_ai_dialogue_concept_note_cesia.pdf,French Center for AI Safety - CeSIA,A Path Toward International AI Governance:,"CONCEPT NOTE    First Session of the Global Dialogue on AI Governance  6–7 July 2026 I Palexpo, Geneva    A Path Toward International AI Governance:  Harmonizing Standards and Thresholds Across Jurisdictions      Date & Time:  06 July 2026, 17:00–17:45 CEST    Organizers:  French Center for AI Safety - CeSIA    Background and focus  This UN Global Dialogue side-event organized by the French Center for AI Safety (CeSIA) “A  Path Toward International AI Governance: Harmonizing Standards and Thresholds Across  Jurisdictions” directly contributes to Cluster 3 of the Global Dialogue, Safe, Secure and  Trustworthy AI: Interoperability and Compatibility of Approaches.    Strengthening interoperability among governance frameworks should be a central objective of  international AI cooperation and therefore is key to the success of the Global Dialogue.  Greater alignment across jurisdictions—while building on existing legal and regulatory  frameworks—will not only help reduce regulatory fragmentation but also effectively mitigate  systemic and cross-border risks arising from frontier AI models.    Faced with the fast pace of technological development, a shared commitment to international  law and the protection of human rights in the ways AI systems are deployed and used is  crucial to provide a common foundation for international AI governance. At the same time,  such a commitment, rooted in interoperability and inclusivity, will support the dissemination of  best practices to ensure AI technologies remain safe, reliable, and beneficial to all across  borders.    Speakers and Format    This UN Global Dialogue side-event organized by the French Center for AI Safety (CeSIA) to  be held virtually on Monday 6 July 2026 at 5.00pm CET will consist of a 20-minute  presentation followed by an interactive discussion with the participants.    Led by Charbel-Raphaël Ségerie, Executive Director of CeSIA, and co-designed with Pauline  Charazac, this UN Global Dialogue side-event welcomes the participation and contributions of  AI governance specialists with expertise in both technical and policy domains.    Charbel-Raphaël Segerie is the Executive Director and Co-Founder of CeSIA, the French  Center for AI Safety, serving as an official Evaluator for the EU AI Office’s Code of Practice on  harmful manipulation risks. He also currently serves as Expert to the EU Expert Forum on AI in  the context of the EU AI Frontier Initiative and Expert to the OECD AI Observatory.  Charbel-Raphaël founded ML4Good, an EU Commission-funded AI safety programme , and  initiated the Global Call for AI Red Lines presented at the 2025 UN General Assembly and  highlighted at the UN Security Council. The Call was endorsed by 12 Nobel laureates and  more than 300 eminent personalities from Europe, America, Asia and Africa.    Focal Point/Contact:    contact@cesia.org​ charbel@cesia.org"
o-29_ai_dialogue_concept_note_arai.pdf,Association for Responsible AI (ARAI) Format : Online,Title : From Principles to Practice: Building Global Capacity for Responsible and Safe AI Through,"CONCEPT NOTE    First Session of the Global Dialogue on AI Governance  6–7 July 2026 I Palexpo, Geneva    Title : From Principles to Practice: Building Global Capacity for Responsible and Safe AI Through  Certification, Workforce Development, and Inclusive Governance      Date & Time:   Monday, 6 July 2026             Time: 18:30–19:15 CEST     Organizer:  Association for Responsible AI (ARAI)          Format : Online    Background and focus  Artificial intelligence is transforming economies, public services, education, healthcare, and  industry at an unprecedented pace. As AI systems become increasingly integrated into decision- making processes, governments, international organizations, and private-sector stakeholders  have introduced principles, standards, and regulatory frameworks to promote responsible,  trustworthy, and human-centered AI. However, a significant implementation gap remains  between high-level governance principles and the practical capabilities required to develop,  deploy, manage, and oversee AI systems responsibly.  This virtual side event, organized by the Association for Responsible AI (ARAI), examines how  global capacity-building can bridge this gap through professional certification, workforce  development, inclusive education, and institutional readiness. The session highlights the  importance of equipping policymakers, practitioners, educators, industry leaders, and civil  society with the knowledge and competencies needed to translate responsible AI principles into  real-world practice.  Bringing together experts from Europe, Asia-Pacific, Africa, Latin America, and North America, the  discussion will explore ethical AI governance, international regulatory trends, human-centered  design, AI safety and risk management, adaptive workforce learning, and lifelong AI education.  Speakers will share practical experiences from developing ARAI's international certification  programs and demonstrate how standardized competencies and interdisciplinary collaboration  can strengthen organizational preparedness and public trust.  The session also emphasizes that responsible AI is not solely a technical or regulatory challenge  but a human capacity challenge. Building safe, transparent, and accountable AI systems requires  sustained investment in education, professional development, and cross-sector partnerships  that enable individuals and institutions to adapt to rapidly evolving technologies.   Speakers and Format  The session will be moderated by Obed Sindy, Senior Operations Manager at the Association for  Responsible AI (ARAI). It brings together six international experts representing Europe, Asia- Pacific, Africa, Latin America, and North America to share practical perspectives on responsible  AI governance and capacity-building.  Sonia Ferreira will discuss ethical foundations and responsible AI governance. Abbas Al Mahdi  will examine global AI governance frameworks and institutional readiness. Jésica Tapia will  present human-centered AI design and inclusive innovation. Chinonso Amamchukwu will  explore AI safety, risk management, and trustworthy AI systems. Assel Mussagaliyeva-Tang will  highlight lifelong AI education and workforce development, while Ramona Fellmy will  demonstrate how AI governance can drive workforce transformation through adaptive learning  and cross-sector collaboration.  The 45-minute virtual session will begin with a brief introduction by the moderator, followed by  concise presentations from the speakers (approximately 4–5 minutes each). The session will  conclude with a moderated discussion and audience Q&A, providing participants with practical  insights into responsible AI certification, governance, education, workforce readiness, and  international collaboration.    Focal Point/Contact   Obed Sindy    Email:  sindyobed@araiglobal.org    Connection Link  Zoom : https://us06web.zoom.us/j/89227047187?pwd=lecDWJRxXjq8AEM0sprrg2ZBOopfY5.1     Meeting ID: 892 2704 7187    Passcode: 113240    Confirmation of Date and Time  We confirm the proposed schedule:  •  Date: Monday, 6 July 2026   •  Time: 18:30 CEST   •  Duration: Approximately 45 minutes   •  Format: Virtual (Zoom)   •  Organizer: Association for Responsible AI (ARAI)   •  Moderator: Obed Sindy, Senior Operations Manager, ARAI"
o-2_ai_dialogue_concept_note_south_asia_codata.pdf,CODATA (Lead); Tribhuvan University; CSIR–National Institute Of Science,"Participation Without Power: Technology Sovereignty, Data Sovereignty and the","CONCEPT NOTE    First Session of the Global Dialogue on AI Governance  6–7 July 2026 I Palexpo, Geneva    Participation Without Power: Technology Sovereignty, Data Sovereignty and the  AI Divide in South Asia      Date & Time:  06 July 2026, 07:30 – 08:30 CEST     Organizers:  CODATA (Lead); Tribhuvan University; CSIR–National Institute Of Science  Communication and Policy Research (CSIR–NIScPR) ; DST Center for Policy Research – Indian  Institute of Science (DST- CPR IISc) ; UPES ; The Small Earth Nepal      Background and focus  South Asia's AI ambitions are clear. Across the region, governments are investing in AI  infrastructure, data platforms, and national strategies with the explicit goal of becoming builders,  not just consumers, of AI. Yet a structural tension sits unaddressed at the centre of this agenda. At  critical layers of the AI ecosystem, the infrastructure that powers these ambitions is operated  outside domestic jurisdiction, on terms governments did not set. The question this panel asks is  simple and unresolved: is South Asia building sovereign AI capacity, or deepening dependency in a  more sophisticated form?  The answer looks different depending on where you stand. India has invested significantly in AI  infrastructure and policy, yet structural dependencies persist. For countries with fewer resources,  the gap between ambition and ground reality is wider. For indigenous and tribal communities  across the region, the stakes are more immediate still. Their ecological knowledge, territorial  records, and oral traditions are entering AI systems without consent, across jurisdictions where no  single actor can be held accountable. Legal obligations under ILO Convention 169 and the UN  Declaration on the Rights of Indigenous Peoples exist. The current architecture makes them  difficult to enforce.  This panel brings together academics from India, Sri Lanka, and Nepal to examine four questions:  what is the current state of AI development in their countries; where dependency constrains  sovereign ambition; what governance conditions must exist before community data enters AI  pipelines; and what the international community must do differently to support sovereignty, not  just skills. The session is designed not to present consensus positions but to surface honest   accounts of where ambition meets ground reality, and where it does not, as a South Asian  contribution to the global AI governance agenda.      Speakers and Format  The panel brings together three academics with complementary expertise across AI governance,  law, and digital policy in South Asia.  Dr. Amit Kumar, Assistant Professor at the Research and Information System for Developing  Countries (RIS), New Delhi, brings expertise in technology assessment, AI governance, science  diplomacy, and the socio-economic implications of emerging technologies. His RIS Policy Brief on  AI and employment was cited in India's Economic Survey 2023-24.  Sahishnu Poudyal, Lecturer at Tribhuvan University and PhD Research Fellow at Kathmandu  University, contributes expertise in Media and Information Literacy, digital transformation, and  ethical AI governance. She coordinates the Research and Innovation workstream of the Women for  Ethical AI South Asia Chapter under UNESCO.  Dr. K. A. A. N. Thilakarathna, Senior Lecturer in Public and International Law at the Faculty of Law,  University of Colombo, brings expertise in the domestication of international human rights  obligations and the constitutional and regulatory implications of emerging technologies, with  growing research focus on algorithmic governance and digital rights.  Each speaker will offer opening remarks of 10 to 15 minutes drawing on their national context,  followed by a structured moderated exchange and an open Q&A session.    Focal Point/Contact:  Pragya Chaube (pragya.chaube@ddn.upes.ac.in ; pragyachaube@gmail.com)"
o-30_ai_dialogue_concept_note_iamericas_en.pdf,"IAméricas, an initiative by Adigital and BID Lab, powered by fAIr LAC",IAméricas: A roadmap towards Responsible AI,"CONCEPT NOTE    First Session of the Global Dialogue on AI Governance  6–7 July 2026 I Palexpo, Geneva     IAméricas: A roadmap towards Responsible AI      Date & Time:  06 July 2026, 17:00–17:45 CEST    Organizers: IAméricas, an initiative by Adigital and BID Lab, powered by fAIr LAC       Event Description  Adigital and BID Lab, through fAIr LAC, will present IAméricas, the initiative driving responsible AI  adoption among MSMEs and startups in Latin America and the Caribbean. The session, delivered  in Spanish, will offer a demonstrative introduction to the Responsible AI Organizational Maturity  Self-Assessment Framework, the tool that helps companies identify their starting point and  implement a roadmap toward responsible AI.  Background and focus  Artificial intelligence is no longer optional for Latin American MSMEs and startups: it is a condition  for competing. However, many organizations in the region still lack the frameworks, tools, and  support needed to adopt it responsibly and competitively. This session responds directly to that  gap.  Adigital and BID Lab, through fAIr LAC, present IAméricas, their joint initiative to drive the  responsible adoption of AI among MSMEs, startups, and innovation ecosystem stakeholders  across Latin America and the Caribbean. The project has already built a regional community of  more than 3000 participants and a network of implementation partners in Chile, Uruguay, Ecuador,  Mexico, Colombia, and soon Brazil, working toward concrete targets such as 1500 startups and  MSMEs adopting Responsible AI.  Participating in this event is relevant because it introduces attendees to one of IAméricas' core  tools: the Responsible AI Organizational Maturity Self-Assessment Framework, which helps  companies identify where they stand, based on criteria such as strategy, governance, risk  management, and training, among others, and implement a roadmap to strengthen their AI  governance.   The session, which will be delivered in Spanish, will open with a presentation of IAméricas and its  three components: awareness, training, and tools, followed by an awareness talk and an  interactive activity introducing the Self-Assessment Framework. Given the session's format, this  activity will be demonstrative: giving participants a clear sense of how the tool works and what kind  of insights they can gain from completing it.  The expected outcome is that each participant leaves with a clear understanding of what the self- assessment is, why it matters for their organization, and the motivation to join the formal process  to obtain their own diagnosis and roadmap.  Speakers and Format  Welcome by IAméricas (2 min)  Vanessa Neble Vanessa Neble, IAméricas Project Lead    Awareness segment: Responsible governance for competitiveness (5 min)  Juliett Suárez Ferreira, Responsible AI Director, Adigital    IAméricas presentation (5 min)  Vanessa Neble, IAméricas Project Lead    IAmericas’ Responsible AI Framework:  A Practical Roadmap for Responsible AI Adoption (30  min)  Justo Hidalgo, VP of Technology, Adigital    Focal Point/Contact:  Juliett Suárez Ferreira  jsuarez@adigital.org  +34 638559363"
o-30_ai_dialogue_concept_note_iamericas_es.pdf,"IAméricas, iniciativa de Adigital y BID Lab, a través de fAIr LAC",IAméricas: hoja de ruta hacia una IA Responsable,"CONCEPT NOTE    First Session of the Global Dialogue on AI Governance  6–7 July 2026 I Palexpo, Geneva    IAméricas: hoja de ruta hacia una IA Responsable      Date & Time:  06 Julio 2026, 17h:00–17:45 CEST    Organizers: IAméricas, iniciativa de Adigital y BID Lab, a través de fAIr LAC  Description  Adigital y BID Lab, a través de fAIr LAC, presentará IAméricas, la iniciativa que impulsa la adopción  responsable de la IA en PyMEs y startups de América Latina y el Caribe. La sesión, que se impartirá  en español, ofrecerá una introducción demostrativa al Marco de Autoevaluación de Madurez  Organizativa en IA Responsable, la herramienta que ayuda a las empresas a identificar su punto de  partida e implementar una hoja de ruta hacia una IA responsable.  Background and focus  La inteligencia artificial ya no es una opción para las PyMEs y startups latinoamericanas: es una  condición para competir. Sin embargo, muchas organizaciones de la región aún no cuentan con  los marcos, las herramientas ni el acompañamiento necesarios para adoptarla de forma  responsable y competitiva. Esta sesión responde directamente a esa brecha.  Adigital y BID Lab, a través de fAIr LAC, presentan IAméricas, su iniciativa conjunta para impulsar  la adopción responsable de la IA entre PyMEs, startups y actores del ecosistema de innovación en  América Latina y el Caribe. Actualmente el proyecto ya ha construido una comunidad regional de  más de 3000 participantes y una red de aliados de implementación en Chile, Uruguay, Ecuador,  México, Colombia y próximamente Brasil, avanzando hacia metas concretas como 1500 startups  y PyMEs que adoptan IA Responsable.  La participación en este evento es relevante porque acerca a los asistentes a una de las  herramientas centrales de IAméricas: el Marco de Autoevaluación de Madurez Organizativa en IA  Responsable, que ayuda a las empresas a identificar, a través de criterios como estrategia,  gobernanza, gestión de riesgos y formación entre otros, en qué punto se encuentran y a  implementar una hoja de ruta para fortalecer su gobernanza de IA.  La sesión, que será impartida en español, iniciará con una presentación de IAméricas y sus tres  componentes: sensibilización, formación y herramientas, seguida de una charla de sensibilización  y una actividad interactiva de acercamiento al Marco de Autoevaluación. Dado el formato de la   sesión, esta dinámica será demostrativa: dará a los participantes una idea clara de cómo funciona  la herramienta y qué tipo de información pueden obtener al completarla.  El resultado esperado es que cada participante salga con una comprensión clara de qué es la  autoevaluación, por qué le conviene a su organización, y con la motivación de sumarse al proceso  formal para obtener su propio diagnóstico y hoja de ruta.  Speakers and Format  Bienvenida por IAméricas (2 min)  Vanessa Neble, Líder de Proyecto de IAméricas    Segmento de sensibilización: Gobernanza responsable para la competitividad (5 min)  Juliett Suárez Ferreira, Directora de IA Responsable, Adigital    Presentación de IAméricas (5 min)  Vanessa Neble, Líder de Proyecto de IAméricas    Marco de IA Responsable de IAméricas: una hoja de ruta práctica para la adopción  responsable de la IA (30 min)  Justo Hidalgo, VP de Tecnología, Adigital      Focal Point/Contact:  Juliett Suárez Ferreira  jsuarez@adigital.org  +34 638559363"
o-31_ai_dialogue_concept_note_lily_ai_safety_alliance.pdf,LILY AI Safety Alliance - Melissa Pineda Brown - AI Governance / Social Sciences Researcher; Lydia Thayline Gomes Da Conceição -,Empowering Vulnerable Voices: Human-Centric Safeguards in AI Governance,"CONCEPT NOTE    First Session of the Global Dialogue on AI Governance  6–7 July 2026 I Palexpo, Geneva    Empowering Vulnerable Voices: Human-Centric Safeguards in AI Governance      Date & Time:     06 July 2026, 13:30 - 14:10 CEST     Organizers:   LILY AI Safety Alliance - Melissa Pineda Brown -  AI Governance / Social Sciences Researcher; Lydia Thayline Gomes Da Conceição -  Founder / AI Safety Researcher / Activist, Daniel David - Technical Analyst / AI Safety Researcher.  Background and focus  As emerging technologies advance rapidly, their socio-cultural impacts on vulnerable populations remain deeply overlooked. This session  confronts the hidden crisis of algorithmic harms, specifically focusing on the rise of tech-facilitated misogyny, the silencing of female talent in  tech spaces, and severe psychological risks—such as emotional attachment to AI systems and its links to cyberbullying and self-harm among  youth. While global frameworks often treat AI safety as a purely technical baseline, the LILY AI Safety Alliance argues that true safety must be  intersectional and human-centric. Moving beyond theoretical policies, this discussion will present actionable solutions based on our published  Multilateral Governance Framework. We will explore the enforcement of gender-responsive ""safety-by-design"" principles, classify  non-consensual deepfakes as unacceptable risks, and advocate for the mandatory inclusion of diverse developers from the Global South. By  connecting technical vulnerabilities with real-world human rights, this session aims to build global coalitions to ensure that the future of artificial  intelligence protects and empowers half of the world’s population.  Speakers and Format  Lydia Thayline Gomes da Conceição (Brazil): Founder & Project Lead of the LILY AI Safety Alliance, independent cybersecurity researcher  specializing in AI Red Teaming, and grassroots activist from Rio de Janeiro advocating for vulnerable groups.  Online - Via Zoom.  Focal Point/Contact:  https://us05web.zoom.us/j/83999160358?pwd=ylBwZ6ZLczZ6AMXu6bwZcHEQng3CsW.1"
o-33_ai_dialogue_concept_note_phid.pdf,Policy Hub for Inclusive Development (PHID) · Olabi,Digital Public Goods and Societal AI Resilience: Bridging Capacity Gaps in the,"CONCEPT NOTE    First Session of the Global Dialogue on AI Governance  6–7 July 2026 I Palexpo, Geneva    Digital Public Goods and Societal AI Resilience: Bridging Capacity Gaps in the  Global Majority      Date & Time:  6 July 2026, 18:30–19:15 CEST    Organizers:  Policy Hub for Inclusive Development (PHID) · Olabi    Background and focus  Artificial intelligence (AI) is rapidly reshaping economies, public institutions, and societies  worldwide. While global AI governance discussions have made significant progress in  advancing principles related to safety, transparency, interoperability, and human rights,  implementation capacity remains highly uneven across countries. For many governments and  institutions in the Global Majority, the challenge is no longer simply accessing AI technologies,  but developing the institutional readiness required to govern, deploy, and benefit from AI  responsibly.  This session explores the role of Digital Public Goods (DPGs) as foundational infrastructure for  societal AI resilience. Open-source, interoperable, and reusable digital solutions can  strengthen public institutions, accelerate capacity-building, and reduce barriers to responsible  AI adoption. The discussion will examine how investments in shared digital infrastructure and  institutional capabilities can help countries move from AI access to AI readiness, while  equipping governments, communities, and younger generations to navigate an AI-driven  future.  Hosted by the Policy Hub for Inclusive Development (PHID) in collaboration with Olabi, the  session will take the form of an interactive fireside chat connecting practical experience with  global policy discussions. It will explore how governments, civil society, and international  organizations can leverage DPGs to strengthen public institutions, foster inclusive innovation,  and enhance international cooperation in support of effective, accountable, and inclusive  governance.  The discussion aims to contribute practical policy insights to the Global Dialogue on AI  Governance by highlighting scalable pathways for strengthening institutional capacity and   advancing more inclusive and resilient AI ecosystems across the Global Majority. Key  takeaways and recommendations from the discussion will be synthesized into a policy memo  to be shared with the Joint Secretariat and the Co-Chairs of the Global Dialogue on AI  Governance as a contribution from the session.  Speakers and Format  Format: Fireside Chat (45 minutes)  The discussion will be guided by the following questions:  ●​ How can DPGs help reduce inequalities in AI adoption across the Global Majority?  ●​ What are the main capacity and institutional challenges that countries in the Global  Majority face in preparing for the AI era?  ●​ Which experiences in majority countries demonstrate the potential of open digital  solutions to strengthen institutional capacity, foster inclusive innovation, and build  societal AI resilience?  ●​ How can digital inclusion and DPGs be more effectively integrated into the global AI  governance agenda?  Moderator  Michelle Perino, MPA (London School of Economics and Political Science), is Co-CEO of the  Policy Hub for Inclusive Development (PHID) and a specialist in poverty, inequality, and social  policy. Her work focuses on human rights, equality, and the design and implementation of  social policy programmes, advising governments, regulatory bodies, and private sector  organizations across Europe and Latin America. At PHID, she leads programme design and  delivery, connecting climate action, socioeconomic empowerment, and digital development to  advance inclusive and sustainable public policy solutions.  Speaker  Gabriela Agustini is Co-Executive Director and Co-Founder of Olabi, a Brazilian civil society  organization advancing digital inclusion, AI governance, and technological justice across the  Global South. An Ashoka Fellow, journalist, and researcher, she has spent more than a  decade designing initiatives that strengthen communities' agency in emerging technologies  through capacity building, participatory governance, open innovation, and public engagement.  Her work bridges technology, public policy, and social impact, with a particular focus on AI  governance, open-source ecosystems, and the inclusion of historically underrepresented  communities.  Focal Point/Contact:  Mariana Beselga  Co-CEO  Policy Hub for Inclusive Development (PHID)  mariana@phid.org"
o-8_ai_dialogue_concept_note_bidf.pdf,Byomire Inclusive Development Foundation Ltd (BIDF) and Makerere University,Digital Safety Risks of Large Language Models (LLMs) and AI for Individuals with,"CONCEPT NOTE    First Session of the Global Dialogue on AI Governance  6–7 July 2026 I Palexpo, Geneva    Digital Safety Risks of Large Language Models (LLMs) and AI for Individuals with  Cognitive Disabilities and Neurodivergent Users      Date & Time: Monday, 6 July 2026 | 07:00–08:30 CEST    Organizers: Byomire Inclusive Development Foundation Ltd (BIDF) and Makerere University  Business School  Background and focus  Large Language Models (LLMs) and other Artificial Intelligence (AI) systems are transforming  access to information, education, healthcare, employment, and digital participation. For many  persons with disabilities, these technologies offer unprecedented opportunities to improve  communication, independence, learning, and inclusion. However, despite growing global attention  to AI governance, the digital safety implications for persons with cognitive disabilities, intellectual  and developmental disabilities, and neurodivergent users remain largely overlooked. Individuals  with conditions such as autism spectrum disorder (ASD), Attention-Deficit/Hyperactivity Disorder  (ADHD), and other cognitive or developmental disabilities may face unique challenges when  interacting with AI. These include difficulties in evaluating AI-generated information, recognizing  misinformation, identifying manipulation, protecting personal data, and responding appropriately  to unsafe or misleading content. Without adequate safeguards, AI systems risk reinforcing digital  exclusion and exposing vulnerable users to new forms of harm.  This session will examine key digital safety risks associated with LLMs, including misinformation,  manipulation, overreliance on AI-generated advice, unsafe prompting, privacy harms, algorithmic  bias, emotional dependency, and inaccessible safety features. It will also explore practical  approaches to disability-inclusive AI governance, including co-design with persons with  disabilities, accessible AI design, digital literacy, safeguarding frameworks, and institutional  accountability. Bringing together researchers, disability advocates, policymakers, AI governance  experts, and civil society representatives, the session will facilitate dialogue on how international  AI governance frameworks can better protect and empower vulnerable users. Drawing on emerging  research, lived experiences, and global policy developments, participants will identify actionable  recommendations for embedding disability inclusion and digital safety into AI governance.     The discussion contributes directly to the objectives of the Global Dialogue on AI Governance by  promoting AI systems that are safe, trustworthy, accessible, human-centered, and rights-based,  ensuring that no one is left behind in the age of artificial intelligence.  Speakers and Format  The session will be conducted as a 90-minute interactive online side event, combining expert  presentations, moderated discussion, and audience engagement.  Moderator: Gorretti Byomire  Co-Founder and Team Leader, Byomire Inclusive Development Foundation Ltd (Uganda)  Director, Disability Resource and Learning Centre, Makerere University Business School  Speaker  Dr. Hasifah Namatovu Kasujja  Lecturer, Department of Information Systems, Makerere University  Researcher in Artificial Intelligence, Human-Centered AI, and Digital Innovation  Invited Discussants  • Representative from a Disabled Persons' Organization (DPO)- Joel Kawanguzi (Persons  with Short Stature)  • AI governance and digital policy expert- Dorothy Ankunda (AI policy, governance, and  research)  • Civil society representative working on digital rights and safeguarding- Ruth Atim (Gender  Tech Initiative)  • Person with lived experience of neurodivergence or cognitive disability- Slyvia Nangabane   (Person living with Downs Syndrome)  The discussion will begin with brief presentations highlighting emerging evidence on digital safety  risks faced by persons with cognitive disabilities and neurodivergent users when interacting with  LLMs. A moderated panel will then explore governance gaps, inclusive AI design, safeguarding  approaches, and policy priorities. The session will conclude with an interactive question-and- answer segment and the development of practical recommendations for integrating disability- inclusive digital safety into national and international AI governance frameworks.    Focal Point/Contact:  Gorretti Byomire  Team Lead at Byomire Inclusive Development Foundation Ltd (BIDF)  Email: bgorretti@gmail.com  Alternative: gbyomire@mubs.ac.ug  Telephone: +256 704 349359 / +256 782 349359"
offsite_side_event_ai_dialogue_concept_note_the-hive.pdf,Lead: Geneva Hub | Young AI Leaders (YAIL),From Users to Architects: A Co-authored Future with All Generations,"CONCEPT NOTE    First Session of the Global Dialogue on AI Governance  6–7 July 2026 I Palexpo, Geneva    From Users to Architects: A Co-authored Future with All Generations    Date & Time:  07 July 2026, 18:00–18:45 CEST    Organizers:   Lead: Geneva Hub | Young AI Leaders (YAIL)  Co-organizers:    Geneva Macro Labs / Geneva Network of Innovators (ge-ni),    Si Labs,    Youth AI Governance Forum (YAIGF),    YAIL Hubs coalition from Viseu, Bogotá, Zurich, Mexico City, Linz, Madrid, San  Francisco    Background and focus  We are excited to host The Hive’s high-level panel, “From Users to Architects: A Co- authored Future with All Generations” as part of the Global Dialogue on AI Governance  online/offsite side-events programme. Our panel proposes an intergenerational, cross-sector  conversation on how the next decade of AI is governed, and by whom. Convened by the  Geneva Hub of the Young AI Leaders (YAIL) community during AI for Good Summit week, the  panel opens with a keynote and brings senior voices from humanitarian, industry and  multilateral practice into dialogue with the community that will inherit their decisions.  The panel’s focus is AI governance for the common good, and the critical contribution of young  generations to its future. Kept deliberately broad, it is designed so that every profile in a young,  global audience — policy, research, engineering, entrepreneurship — finds a stake in the  discussion.  The panel anchors The Hive, the YAIL community evening of Summit week, hosted at the  SDG Solution Space, Campus Biotech. The panel will also be livestreamed. After the panel,  we continue The Hive with a series of stimulating activities: a participant-led unconference in  which attendees vote the governance topics that matter most and, with the Youth AI  Governance Forum, synthesize them into the Youth AI Governance Messages from  Geneva; a financing-and-innovation track led by the Geneva Network of Innovators (ge-ni);  short community “Brain Snacks”; a standing dinner; and an afterparty.  The event is SDG-aligned by desgin, hybrid and free to attend, with around sixty participants in  person and a live stream open to everyone, in the broader context of the Global Dialogue on AI  Governance.     Speakers and Format  Our speakers for the high-level panel — “From Users to Architects: A Co-authored Future  with All Generations”    Keynote (to be confirmed). Henrietta Ridley — Chief AI, UNICEF    A discussion moderated by Théophile Houessou, member of the Geneva Hub, with:   Stephen Ibaraki — Founder, AI for Good Global Summit; investor and futurist   Ansgar Koene — EY Global AI Ethics and Regulatory Leader   Chiara Debenedetti — Global Head of Data and Analytics, International Committee of  the Red Cross (ICRC)    Format: The panel opens The Hive’s evening, held from 18h00 to 18h45. After the panel, the  event flows directly into a participant-led unconference across breakout rooms, whose  rapporteur-led synthesis produces the Youth AI Governance Messages from Geneva; a  standing dinner; a closing session of short, curiosity-driven talks; and an afterparty. Hybrid  participation is ensured for both  the high-level panel and the unconference: participants  worldwide follow the keynote and panel on the stream and join the unconference’s breakouts  and rough-consensus check through a shared interface, so the outcomes reflect voices well  beyond Geneva.    Focal Point/Contact:  Murillo R. Salvador — Hub Leader, Geneva Hub, AI for Good Young AI Leaders Community;  PhD Student, University of Geneva  Reachable at Murillo.RomanoSalvador@unige.ch"
p-12_ai_dialogue_concept_note_cepal.pdf,"Ministry of Science, Innovation, Technology and Telecommunications (MICITT) of",AI Governance for Development: A LAC Perspective,"CONCEPT NOTE    First Session of the Global Dialogue on AI Governance  6–7 July 2026 I Palexpo, Geneva    AI Governance for Development: A LAC Perspective      Date & Time:  7 July 2026, 08:15–08:45 CEST | Room E    Organizers:  Ministry of Science, Innovation, Technology and Telecommunications (MICITT) of  Costa Rica · Economic Commission for Latin America and the Caribbean (ECLAC) ·   Background and focus  Artificial intelligence is reshaping development pathways across Latin America and the Caribbean  (LAC), offering opportunities to accelerate productivity, innovation and public service delivery,  while also raising pressing questions on capacities, infrastructure, regulatory frameworks, human  rights and equitable access. As global discussions on AI governance advance, it is essential that  the region’s voice be clearly reflected in the emerging international architecture for AI governance.  This side event presents the outcomes of the AI4LAC Regional Dialogue, held on 26 May 2026,  which brought together government representatives, regional organizations and other stakeholders  from across LAC to articulate common positions, shared priorities and key messages on AI  governance ahead of the Global Dialogue. The synthesis note resulting from that process reflects  regional perspectives on issues such as building AI capacities and infrastructure, advancing  normative frameworks anchored in human rights, strengthening multilateral cooperation, and  positioning LAC strategically within global AI governance discussions.  The session aims to ensure that these regional positions are formally introduced into the  proceedings of the Global Dialogue on AI Governance, reinforcing LAC’s engagement in shaping a  global AI governance architecture that is inclusive, balanced and responsive to the development  needs of the region.  Speakers and Format  Given the 30-minute format of this side event, the session is structured around two concise  segments. It opens with brief welcome remarks framing the objectives of the session and the  AI4LAC process, delivered by Marco Llinás, Director of the Productive Development and Business  Division at ECLAC. The remainder of the session is dedicated to a focused presentation by Paula  Bogantes Zamora, Minister of Science, Innovation, Technology and Telecommunications (MICITT)  of Costa Rica, who will present the regional synthesis note emerging from the AI4LAC Regional  Dialogue, highlighting common positions, shared priorities and key messages from Latin America   and the Caribbean for the Global Dialogue on AI Governance, and closing with the session’s main  takeaways and next steps for LAC’s engagement in the global process.  Focal Point/Contact:  Alejandro Patino, Economic Affairs Officer, ECLAC (jorge.patino@un.org)"
p-13_ai_dialogue_concept_note_0.pdf,"Simon Institute for Longterm Governance; Tsinghua University I-AIIG, AI Safety","Safe, secure and trustworthy AI: Bridging global evidence and local","CONCEPT NOTE    First Session of the Global Dialogue on AI Governance  6–7 July 2026 I Palexpo, Geneva    Safe, secure and trustworthy AI: Bridging global evidence and local  realities through scientific collaboration      Date & Time:  06 July 2026, 14:15–15:00 CEST    Organizers:  Simon Institute for Longterm Governance; Tsinghua University I-AIIG, AI Safety  Connect, Office of the Special Envoy on Technology, Government of Kenya, Global South Network  for Trustworthy AI      Co-Organizers:  The International Association for Safe and Ethical AI, University of Geneva, UNU Hub for  Promoting Ethical and Responsible Artificial Intelligence Development, UNU Global AI Network,  China Internet Governance Forum, CAST UN Consultative Committee on Science Diplomacy,  World Federation of Engineering Organizations - Engineering Capacity Building for Africa  Programme    Background and focus    This panel discussion will explore how scientists from around the world analyze the current AI  landscape and the scope for a shared evidence base to advance an agenda for safe, secure and  trustworthy AI.   Key questions include:   ● Is a shared understanding emerging on AI safety opportunities, risks and impacts?   ● What are priority policy issues and critical research gaps for scientists, governments,  industry and civil society in different parts of the world?  ● What’s the scope for common ground and practical collaboration?   ● What might an interoperable AI safety and governance agenda look like?   ● How can the Global Dialogue help expand the interface between AI policy and scientific  communities?    ● What practical priorities can be pursued between the first and second Global Dialogue  (May 2027)?    Speakers and Format    The session will take the format of an engaging, moderated panel dialogue.     ● H.E. Ambassador Philip Thigo, Special Envoy for Technology, Republic of Kenya  ● H.E. Ambassador Shen Jian, Disarmament Affairs Ambassador and Deputy Permanent  Representative of China to the United Nations Office at Geneva  ● Maria Ressa, Nobel Laureate; Co-chair, UN Independent International Scientific Panel on  AI; Co-founder, Rappler  ● Song Haitao, Member, UN Independent International Scientific Panel on AI; President,  Shanghai Artificial Intelligence Research Institute  ● Stephen Clare, Principal Author, International Scientific Report on the Safety of Advanced  AI  ● Prof. Stuart Russell, Senior Adviser, International Scientific Report on the Safety of  Advanced AI; Member of the Academic Committee, Institute for AI International  Governance of Tsinghua University (I-AIIG); Professor of Computer Science, University of  California, Berkeley  ● Urvashi Aneja, Founding Director, Digital Futures Lab; Co-chair, Global South Network for  Trustworthy AI  ● Prof. Lan Xue, Distinguished Professor and Dean, Institute for AI International Governance  of Tsinghua University (I-AIIG)  ● Renata Dwan, Director of Tech Diplomacy, Simon Institute for Longterm Governance    Focal Point/Contact:  Yuanhu Yuin, mike@simoninstitute.ch  Alice Chen Fan, alicefanc@mail.tsinghua.edu.cn"
p-15_new_ai_dialogue_concept_note_dco_sdaia_0.pdf,"SDAIA, DCO, and ICAIRE","Responsible, Trusted, and safe AI for prosperity:","CONCEPT NOTE First Session of the Global Dialogue on AI Governance 6–7 July 2026 I Palexpo, Geneva Responsible, Trusted, and safe AI for prosperity: From Principles to Practice Date & Time:  Tue 7 Jul, 07:30–08:15 (CEST) Venue:  Room G, Palexpo, Geneva  Organizers:  SDAIA, DCO, and ICAIRE Background and focus As governments move from shared AI principles to practical implementation, the central priority is  ensuring that AI is deployed responsibly, inclusively, and in ways that create tangible public value.  This side event will focus on how ethical AI commitments can be translated into safe, trusted, and  responsible delivery models that support national priorities, strengthen public services, and  advance sustainable, resilient, and inclusive digital prosperity. The session will be co-hosted by the Saudi Data and Artificial Intelligence Authority (SDAIA), Digital  Cooperation (DCO), and International Center for Artificial Intelligence Research and Ethics (ICAIRE),  three  entities  based  in  the  Kingdom  of  Saudi  Arabia.  Panelists  and  participants  will  share  experience in advancing national AI capabilities, trusted digital services, public-sector adoption,  and governance models that support safe, responsible, and trusted implementation.  The discussion will highlight practical approaches to responsible AI implementation, including  national AI readiness, trusted public-sector adoption, institutional governance models, and cross- border cooperation. It will also reflect the role of SDAIA in advancing national data and AI  capabilities, ICAIRE in linking ethics, research, and capacity-building, and DCO in supporting digital  cooperation to enable countries to harness AI for sustainable digital prosperity. The discussion will focus on what countries and partners can do together to make responsible AI  implementation more practical and scalable. It will contribute to the Global Dialogue on AI  Governance by offering a clear implementation perspective: ethical AI commitments must be  matched  with  institutional  readiness,  trusted  adoption,  capacity-building,  and  international  cooperation that delivers benefits for people, business, and countries.  Speakers and Format The session will be organized as a high-level panel discussion with keynote speakers, bringing  together senior representatives from DCO, SDAIA and ICAIRE, and selected governments or  international partners. Agenda Timing Section Speakers 07:30 – 07:35 Welcoming and introduction Moderator: Ms. Alaa Abdulaal, Chief of Digital  Economy Intelligence, DCO 07:35 – 07:45 Keynoted remarks by the co- hosts - H.E. Ms. Deemah AlYahya, Secretary- General, DCO  - Ms. Rehab Alarfaj, Assistant Chief Strategy  Officer, SDAIA  07:45 – 08:00 High-level Panel Moderator: Ms. Alaa Abdulaal, Chief of Digital  Economy Intelligence, DCO  - Dr. Majed Alshehri, Director, iCAIRE  - H.E. Ms. Lara El- Khateeb, Chairperson of  the Telecommunications Regulatory  Commission, Jordan  08:00 – 08:10 Interventions and Q&A - Dafna Feinholz, Chief of Bioethics and  Ethics in Science and Technology, UNESCO - Mihoko Kumamoto, Director, Division for  Prosperity, UNITAR - Annick Sakho, Country Leader, Côte  d'Ivoire & Government Affairs Director –  Africa, Oracle  Questions from the audience 08:10 – 08:15 Closing remarks Moderator: Ms. Alaa Abdulaal, Chief of Digital  Economy Intelligence, DCO    Focal Point/Contact: Name: Ms. Aljawharah Althenyan Organization: Saudi Data & AI Authority Email: aalthenyan@sdaia.gov.sa Focal Point/Contact: Name: Ms. Haneen Fares  Organization: Digital Cooperation Organization Email: hfares@dco.org Focal Point/Contact: Name: Mr. Mohamed Aljowder Organization: Digital Cooperation Organization Email: maljowder@dco.org"
p-16_ai_dialogue_concept_note_-_approaches_and_insights_from_the_worlds_fastest_ai-adopting_economies_0.pdf,Microsoft · Republic of Korea · Singapore · United Kingdom,Approaches and Insights from the World’s Fastest AI-Adopting Economies,"CONCEPT NOTE    First Session of the Global Dialogue on AI Governance  6–7 July 2026 I Palexpo, Geneva    Approaches and Insights from the World’s Fastest AI-Adopting Economies       Date & Time:  07 July 2026, 12:45–13:30 CEST    Organizers:  Microsoft · Republic of Korea · Singapore · United Kingdom  Background and focus  Microsoft's AI Diffusion Reports reveal striking differences in how quickly countries are adopting  AI. The reason for tracking adoption specifically is that history demonstrates that value is not  necessarily captured by those who build a technology, but by those who adopt and diffuse it. As  with earlier general-purpose technologies, transformation comes from spread – the access,  infrastructure, skills, and enabling policies that let firms, governments, and citizens put AI to  work.    This event turns these insights into a practical conversation.     The Republic of Korea, Singapore and the UK, among the largest and fasting growing adopters of  AI in the world, will be sharing how their national strategies and approaches have translated into  real-world uptake, with the aim of sharing best practices, lessons learned, and where common  themes critical to enabling AI adoption.    Focus  • Practical lessons from the world's fastest adopters: Hear how they turned national  ambition into everyday use – through leadership in government, investment in skills, and  the right enabling conditions – in ways you can adapt to your own context.   • A conversation about closing the gap: Explore together how the conditions that drive  adoption can be extended to more countries, so that the benefits of AI reach all economies  and the divide between them narrows rather than widens.   • Common ground for working together: Identify where national approaches align, and  where greater cooperation and interoperability could make AI safer, more trusted and  easier to adopt across borders.    • A focus on shared benefit: See how wider, well-governed adoption of AI can accelerate  progress on the Sustainable Development Goals – ensuring AI works for people  everywhere.    Speakers and Format  This Panel will feature:  Microsoft - Natasha Crampton, Chief Responsible AI Officer (Moderator)     Microsoft – Kevin White, Senior Director, Data Science at Microsoft’s AI for Good Lab  Will share the latest details and insights from Microsoft’s AI Diffusion Report covering recent  trends including accelerating adoption in Asia driven by improving AI capabilities in Asian  languages and the data behind the widening digital divide.    Republic of Korea – H.E. Ambassador Jihoon Cha, Permanent Representative to the UN  Will share how the Republic of Korea became one of the world's fastest-growing AI nations -  through bold national leadership, major investment in computing power and chips, a  comprehensive Framework Act on Artificial Intelligence that balances trust with innovation, and a  deliberate effort to bring the benefits of AI into the daily lives of all citizens.    Singapore – Timothy Chin, Assistant Chief Executive, Infocomm Media Development  Authority  Will share Singapore’s experiences with implementing its National AI Strategy focused on the  public good, strong investment in skills and computing power, trusted AI testing tools, and  government leading the way as one of the world's most consistent adopters.    United Kingdom – Joe Carroll, Head of Artificial Intelligence Unit, UK Foreign,  Commonwealth and Development Office  Will share how the UK is becoming one of the world's leading AI nations - through its AI  Opportunities Action Plan and pioneering AI Safety Institute, pairing world-class research with a  pro-innovation approach to safety, and a drive to put AI to work across public services.    Focal Point/Contact: Howie.wachtel@microsoft.com"
p-17_combined_concept_note_260630.pdf,The Kingdom of the Netherlands; Peru; African Commission on Human,“Human Rights-Based AI Governance: Building Interoperable Frameworks,"1        CONCEPT NOTE    First Session of the Global Dialogue on AI Governance  6–7 July 2026 I Palexpo, Geneva   “Human Rights-Based AI Governance: Building Interoperable Frameworks  through Transparency and Multistakeholder Participation”    Organisers: The Kingdom of the Netherlands; Peru; African Commission on Human  and Peoples’ Rights; Council of Europe; Centre for the Study of Law in Theory and  Practice, LJMU; Oxford Institute for Ethics in AI; Centre for Human Rights, University of  Pretoria, Global Centre for AI Governance    Format: Moderated multistakeholder discussion with interactive audience  participation    Background  This side event focuses on the fourth theme of the United Nations Global Dialogue on AI  Governance: ""Respecting, protecting and promoting human rights: transparency, accountability  and human oversight.""  It examines both the opportunities and risks that artificial intelligence presents for the  enjoyment and protection of human rights. The discussion will consider recent efforts to  strengthen human rights standards applicable to AI, with a particular focus on empowering  individuals and groups, especially vulnerable and marginalised communities.  The session will also explore how different regional human rights systems are responding to AI  governance, and how multistakeholder participation can be operationalised to support the  protection, promotion and fulfilment of human rights. It will consider the importance of  interoperability between governance approaches, while recognising regulatory diversity and  maintaining universal standards of human rights protection.  A central focus of the discussion will be the need to include all perspectives, including those  from underrepresented communities, so that interoperable AI governance reflects global  realities rather than a narrow set of perspectives. The session will also address the importance   2    of open data, transparency, accountability, human oversight and effective multistakeholder  mechanisms in protecting human rights in the age of AI.  Drawing on cross-continental and multistakeholder perspectives from co-organisers who have  led ground-breaking initiatives on AI and human rights, the session seeks to support the Global  Dialogue on AI Governance by identifying governance gaps, highlighting good practices, and  contributing to a human rights-centred approach to AI governance. In doing so, it also supports  the objectives of the Global Dialogue as set out in UN General Assembly Resolution  A/RES/79/325.  Moderator  o Prof Thompson Chengeta, Professor of International Law and Artificial Intelligence,  LJMU, School of Law and Justice   Opening keynote   o Hon. Willemijn Aerdts, Minister for Digital Economy and Sovereignty, The Kingdom of  the Netherlands.  Panel members  o Hon. Commissioner Solomon Dersso, Commissioner and Focal Point of the African  Commission Study on Human Rights Implications of AI in Africa, African Commission on  Human and Peoples’ Rights   o Ms Albina Ovcearenco, Head of Digital Development Unit and Secretary to the Steering  Committee on New and Emerging Digital Technologies, Council of Europe.  o Prof Yuval Shany, Hersch Lauterpacht Chair in International Law and inaugural  Accelerator Fellow at the Ethics in AI Institute, University of Oxford  o Dr Rachel Adams, CEO and Founder, Global Center on AI Governance  o Dr Sabelo Gumedze, Assistant Director, Centre for Human Rights, University of Pretoria   Closing remarks  o Ambassador Elmer Schialer Salcedo, Permanent Representative of Peru to the United  Nations"
p-18_icc-ai_dialogue_side_event_concept_note_website_1.pdf,International Chamber of Commerce · Government of Kenya · World Bank,Fostering global best practices for inclusive AI governance,"CONCEPT NOTE    First Session of the Global Dialogue on AI Governance  6–7 July 2026 I Palexpo, Geneva    Fostering global best practices for inclusive AI governance    Date & Time:  7 July 2026, 12:45-13:30 CEST     Organizers:  International Chamber of Commerce · Government of Kenya · World Bank    Background and focus    AI adoption is accelerating worldwide, but ensuring its benefits are shared across regions,  communities, and sectors remains one of the defining governance challenges of our time. This  multistakeholder panel will bring together representatives from governments, international  organisations, civil society, academia, and industry to explore how inclusive AI governance can  move from principle to implementation – and what it takes to make AI technologies more  accessible, representative, and development-oriented in practice.  The discussion will examine the foundational policy, economic, and institutional conditions  required to enable inclusive AI ecosystems, including digital infrastructure, access to data and  compute resources, skilling and capacity building, linguistic diversity, as well as forward-looking,  enabling regulatory environments. Speakers will address the growing risk that uneven AI  development and deployment could deepen existing inequalities, particularly for developing  economies and underrepresented communities, and consider strategies to ensure broader  participation across the AI value chain.  Drawing on cross-sector and regional perspectives, the session will highlight the importance of  multistakeholder cooperation, public-private partnerships, and internationally interoperable  governance approaches in enabling inclusive growth and innovation. The discussion will aim to  identify practical pathways for aligning global AI governance discussions with local development  priorities and operational realities, while supporting innovation, economic inclusion, and  sustainable development.  Speakers  Mr Andrew Wilson, Deputy Secretary General – Policy, International Chamber of Commerce (ICC)   H.E. Ambassador Philip Thigo, MBS, Special Envoy on Technology, Office of the President of the  Republic of Kenya  Ms Caroline Louveaux, Chief Privacy, AI & Data Responsibility Officer, Mastercard   Ms Jemima Pickering, Responsible AI and Public Affairs, Sage  Representative of Amazon  Representative of the GSMA  Representative of the United Kingdom Government  Representative of the World Bank  Format  The session is planned to be conversational and interactive, allowing for interactions between the  speakers and the audience. Following introductory remarks by the keynote speaker, participants  will hold a moderated roundtable discussion, inspired by initial thought starter interventions from  invited speakers.  Focal Point/Contact: meni.anastasiadou@iccwbo.org"
p-19_ai_dialogue_concept_note_-_access_now_and_global_partners_digital.docx-1.pdf,Access Now and Global Partners Digital (GPD),Artificial Insecurity: AI and Cybersecurity,"CONCEPT NOTE    First Session of the Global Dialogue on AI Governance  6–7 July 2026 I Palexpo, Geneva    Artificial Insecurity: AI and Cybersecurity       Date & Time:  7 July 2026, 12:00–12:45 CEST     Organizers:  Access Now and Global Partners Digital (GPD)     Background and focus  300 words  This session brings together top experts from civil society, industry and government to explore how  cybersecurity and AI governance intersect. Looking beyond the hype, we propose a technically  grounded conversation on the cybersecurity implications of large language models and agentic AI.  Beyond just identifying risks, speakers will share concrete examples, challenge assumptions, and  discuss rights-respecting recommendations that strengthen security and public trust in advanced AI.     In particular, our discussion will focus on two topics: the impact of cutting edge AI tools on privacy and  encryption, as well as the threats and opportunities related to the use of AI tools for vulnerability  discovery in cybersecurity.    Regarding the impact of AI tools on privacy and encryption, questions to be asked include:  -​ What is the current state of the art regarding privacy and AI tools such as ChatGPT, Claude etc?  What interests or rights are being prioritized and what risks are created for at-risk communities?  -​ How do developments in agentic AI threaten privacy, and even encrypted communications, and  what can be done to mitigate these risks?  -​ How does the integration of LLMs across digital services, such as search engines, platforms,  and messaging tools, create threats to the digital security of at-risk users and how could things  be done differently?    On the use of AI tools for vulnerability discovering, questions include:  -​ What lessons can we learn from the recent furore around cutting edge AI models being used to  discover security vulnerabilities? What can we put down to hype and what do we need to take  seriously?  -​ Access to these advanced models has been a key issue, with only a limited number of  stakeholders being given access to Anthropic’s Mythos model. How can we avoid a situation in  which robust security becomes dependent on privileged access to cutting edge AI models?     Speakers and Format  200 words  This session will take the format of a lively panel discussion, with speakers providing short interventions  to explain key challenges at the intersection of AI and cybersecurity as well as constructive solutions.  Moderator: Daniel Leufer, Senior Policy Analyst at Access Now  Speakers:   1.​ Rumman Chowdhury, CEO and co-founder, HumanIntelligence  2.​ Udbhav Tiwari, Vice President, Strategy and Global Affairs at Signal  3.​ Maria Paz Canales, Head of Policy and Advocacy at Global Partners Digital  4.​ Government speaker TBC    Focal Point/Contact:   Laura O’Brien: laura@accessnow.org   +1-917-246-9824"
p-20_concept_note_global_dialogue_ai_governance_ipu_cpa_undp.pdf,Inter-Parliamentary Union (IPU) · Commonwealth Parliamentary Association (CPA) ·,Parliamentary Oversight for Increased Transparency and Accountability of AI,"CONCEPT NOTE    First Session of the Global Dialogue on AI Governance  6–7 July 2026 I Palexpo, Geneva    Parliamentary Oversight for Increased Transparency and Accountability of AI      Date & Time:  Mon 6 July 2026, 14:15–15:00, Room E  Organizers:  Inter-Parliamentary Union (IPU) · Commonwealth Parliamentary Association (CPA) ·  United Nations Development Programme (UNDP)    Background and focus  The first Global Dialogue on AI Governance, mandated by General Assembly resolution 79/325, is  organised around four thematic clusters. The cluster on human rights, transparency,  accountability and human oversight raises a foundational question of how AI systems are governed  in democratic societies. Transparency, accountability and human oversight are core constitutional  functions of parliament, given effect through legislation that sets the rules, scrutiny of executive  action, public hearings and committee inquiries, budget oversight, and the protection of rights in  domestic law.    Parliaments have established a clear position on AI governance. The IPU resolution ""The impact of  artificial intelligence on democracy, human rights and the rule of law"" (149th IPU Assembly,  October 2024), the Kuala Lumpur Declaration on Parliaments and Responsible AI (November 2025,  adopted by parliamentary representatives from 65 countries), and the IPU motion on “Advancing  parliamentary action on artificial intelligence” (152nd IPU Assembly, Istanbul, April 2026) together  provide the basis for a substantive parliamentary mandate on AI governance and policy.    Parliamentary engagement in this area is emerging. While good practice is taking shape in different  regions, many parliaments lack the technical advisory infrastructure they need to legislate and  oversee AI effectively, and the gap is most acute for parliaments in the Global South. Parliaments  themselves have identified that they require expertise on the issues and representation in  international AI governance discussions. International discussion of AI capacity-building has  tended to focus on governments, with less attention to the key role of the legislative branch.    This workshop convenes parliamentarians from different regions to set out the parliamentary  mandate on transparency, accountability and oversight of AI; share concrete examples of the  impact parliaments are achieving; identify the support parliaments need; and consider how the   Global Dialogue and International Scientific Panel can help strengthen parliaments in their key  roles of legislating on AI, overseeing its deployment and representing the public interest.  Speakers and Format  The session is a workshop combining short case-study presentations from parliamentarians with  facilitated  peer  exchange,  designed  to  identify  practical  experience  and  concrete  recommendations for parliamentary action on transparency, accountability and oversight of AI.  Following a brief framing of the parliamentary mandate, speakers will present examples of action  from their parliaments:  • Senator Rojo Edwards (Chile) chairs the Senate Committee on Future Challenges, Science,  Technology and Innovation, and is a specialist in lawmaking and oversight of emerging  technologies.  • Hon. John Kiarie Waweru, MP (Kenya) chairs the National Assembly’s Committee on  Communication, Information and Innovation, which handles ICT, data-protection, and broader  digital-economy matters.  • Hon. Dina Al-Bashir, MP (Jordan) is a lawyer and member of the House of Representatives’ Legal  Committee, and has been active on AI governance, rule of law and human rights issues.   A facilitated discussion then considers what support parliaments need, and how Member States,  UN entities, civil society, academic and technical can help meet those needs.    Focal Point/Contact:  IPU: Andy Richardson: ar@ipu.org and Alex Read ai-policy@ipu.org   UNDP: Osama Aljaber osama.aljaber@undp.org   CPA: James Pinnell james.pinnell@cpahq.org"
p-22_ai_dialogue_concept_note.pdf,"Co-organised, co-equal collaboration: Russian Academy of National Economy and","Building Trust and Governance in the Era of Generative AI: Intellectual Property,","CONCEPT NOTE    First Session of the Global Dialogue on AI Governance  6–7 July 2026 I Palexpo, Geneva    Building Trust and Governance in the Era of Generative AI: Intellectual Property,  Quality, Reliability and Accountability      Date & Time: Tuesday 7 July 2026, 12:45–13:30 CEST (45 minutes)    Organizers: Co-organised, co-equal collaboration: Russian Academy of National Economy and  Public Administration (RANEPA) and Ivannikov Institute for System Programming of the Russian  Academy of Sciences (ISP RAS), Russian Federation; with S.M for Intellectual Property (Egypt), an  intellectual-property and innovation advisory firm, and iPioneer, an AI–intellectual-property  governance and legal-technology platform (MENA region and the Global South).    Background and focus  As generative and multimodal AI systems move into public services, media, education, the creative  industries and the wider economy, two governance questions are converging. The first is whether  we can trust what these systems produce — how reliability, quality and robustness are measured  rather than merely asserted, and how such assessments can travel across borders. The second is  who is accountable for, and who holds rights over, AI outputs — how provenance, attribution and  intellectual-property frameworks keep pace with content that machines now generate at scale.  Both questions expose the same underlying gap: a shortage of shared, interoperable and  independently verifiable approaches. And both fall hardest on developing countries and emerging  regions that must assess and govern systems they did not build.  This session brings together two complementary communities of practice. One works on the  evaluation, verification and trust assessment of large language and multimodal models, combining  public-administration and systems-engineering expertise. The other works on intellectual property  and the broader legal, regulatory and governance dimension of AI — including AI governance, legal  capacity-building and the innovation ecosystems of startups and SMEs — with particular attention  to the MENA region and other developing economies. By placing reliability evaluation and  IP/provenance governance in the same conversation, the session moves from the abstract  principle of “trustworthy AI” toward concrete, comparable practices for measuring quality and for  establishing accountability and rights over AI-generated content.  The focus is deliberately practical and cross-regional. Speakers will compare how trust and rights  are handled in different jurisdictions, identify where frameworks diverge and where they can be   made interoperable without imposing a single rigid standard, and surface capacity-building needs  and partnership opportunities. The aim is to produce actionable input — captured in a short key- messages summary for the Joint Secretariat — that supports the constructive, equitable and  accountable development of AI worldwide.    Speakers and Format  Format. A 45-minute moderated panel designed for interaction and cross-regional exchange. A  single moderator — provided by the RANEPA side or, if preferred, a mutually agreed neutral  moderator — steers one integrated conversation so that technical-evaluation and  legal/intellectual-property perspectives respond directly to one another rather than running in  parallel. After a short framing, each panellist gives a brief opening position; the moderator then  threads shared questions across both themes, followed by an open audience Q&A and a closing  round of key messages. Delivered in English; no interpretation required.  Moderator. Dr. Pavel Golosov, Director of the Institute for Social Sciences, RANEPA.  Speakers. The panel brings together complementary expertise for a balanced, multidisciplinary  discussion. From the RANEPA side, the proposed list of speakers cover:   -  Ms. Oksana Sotnikova, Director of the Department of Strategic Development and  Innovation, Ministry of Economic Development of the Russian Federation — AI policy and  the governance of AI research and intellectual property;   -  Dr. Arutyun Avetisian, ISP RAS Evaluation, — verification & trust assessment of AI systems;  -  Mr. Dmitry Ontoev, Department of Information Technology of the City of Moscow — AI in  smart cities and the digitalisation of urban governance;   -  Mr. Alexey Shpilman, Director for AI Technology Development, T-Technologies — AI in  cybersecurity.   From the intellectual-property side:  -  Ms. Shrouk Abdelaziz, Founder & CEO of S.M for Intellectual Property and Founder of  iPioneer — AI governance and intellectual property from a regional and practical perspective  (MENA and the Global South);  -  Further speakers — covering international intellectual-property law and governance and,  where feasible, AI governance and public policy from an international perspective — are  being finalised.     Focal Point/Contact:  Ms. Shrouk Abdelaziz (S.M for Intellectual Property / iPioneer) — shrouk@smip-law.com — +20  01093652198  Mr. Semen Dzizel (RANEPA) — dzizel-sv@ranepa.ru — +7 961 442 80 10"
p-23_ai_dialogue_concept_note_template.pdf,"Globethics, Gendering AI Conference (Core23lab)",Gendering AI: Pathways for Gender-Responsive and Inclusive Governance,"CONCEPT NOTE    First Session of the Global Dialogue on AI Governance  6–7 July 2026 I Palexpo, Geneva    Gendering AI: Pathways for Gender-Responsive and Inclusive Governance      Date & Time: Tuesday 7 July, 12:00–12:45 (CEST)    Organizers:  Globethics, Gendering AI Conference (Core23lab)    Partner organizations: Women in AI, Women at the Table  Background and focus  This participatory session addresses the intersection of gender justice and algorithmic governance. AI  systems that ignore gender dimensions risk entrenching inequality at scale and undermining the multilateral  cooperation needed to govern them effectively. Moving beyond rhetoric, it convenes multistakeholder  voices, including members of the UNESCO Women for Ethical AI network and Gendering AI platform to  define concrete, rights-based mechanisms for addressing algorithmic bias and fostering inclusive AI  development. The session examines the role of diverse language data in reducing marginalization and the  value of community-centered digital ecosystems. The session strengthens communities of practice and  embeds gender-responsive safeguards into the foundational architecture of global AI governance.  Format  Participatory workshop    Speakers    Moderator: Deborah Arthur, Founder of Divas in AI and Emerging Leaders in AI Governance Fellow at  Globethics  Panelists:   ●  Dafna Feinholz, Chief of Section Bioethics and Ethics of Science and Technology at UNESCO   ●  Alessandra Sala, Director of AI and Data Science at Shutterstock and President of Women in AI   ●  Paola Galvez Callirgos, AI Ethics Manager at Globethics  ● Rebecca Ryakitimbo, Connectivity Technical Projects Coordinator at LocNET and Convener at the  Gendering AI Conference  ● Caitlin Kraft Buchman, CEO and Founder of Women at the Table    Focal Point/Contact: Paola Galvez Callirgos, galvez@globethics.net, +330661650208"
p-24_ai_dialogue_concept_note.pdf,Tecnológico de Monterrey,CISG Smart Contracts: AI Governance and Trade,"CONCEPT NOTE    First Session of the Global Dialogue on AI Governance  6–7 July 2026 I Palexpo, Geneva    CISG Smart Contracts: AI Governance and Trade      Date & Time:  Tuesday 7 July 2026, 12:45–13:30 CEST, Room G    Organizers:  Tecnológico de Monterrey    Background and focus  Artificial intelligence is transforming international trade by supporting the drafting, analysis, and  execution of commercial agreements. While these technologies improve efficiency and  automation, they also raise governance questions regarding legal compliance, accountability,  transparency, and the role of human oversight. In legally sensitive domains such as international  commercial contracting, technological innovation alone is insufficient. Effective AI governance  therefore requires appropriate legal frameworks and meaningful human oversight throughout the  AI-assisted decision-making process.   This session presents research on the development and validation of an artificial intelligence (AI)  system trained on the United Nations Convention on Contracts for the International Sale of Goods  (CISG) to assist in drafting legally compliant international sales contracts and translating them into  executable blockchain smart contracts. The study demonstrates the feasibility of using AI to  support legally compliant contract drafting and smart contract generation while revealing both the  opportunities and limitations of AI-assisted legal contracting. Although the AI system automated  substantial aspects of contract drafting and smart contract generation, it could not independently  perform complex legal reasoning, regulatory interpretation, contractual negotiations, dispute  resolution, financial verification, or legal enforcement, demonstrating that human expertise and  institutional oversight remain indispensable.   Building on these findings, the session examines their implications for AI governance in  international trade by addressing a central question: Can AI independently support the complete  lifecycle of international legal contracting? Drawing on this case study, the session argues that  effective AI-assisted legal contracting continues to depend on legal frameworks, human expertise,  financial institutions, arbitration mechanisms, and judicial enforcement working alongside AI  systems. The session concludes by presenting a preliminary discussion framework that organizes   these legal, institutional, and human oversight mechanisms to support future international  discussions on responsible AI governance for AI-assisted legal contracting.    Speakers and Format  The session will be presented by Hatem Mabrouk, Professor of International Business at  Tecnológico de Monterrey. His research focuses on international trade law, blockchain  technologies, artificial intelligence, and AI governance, with particular emphasis on the application  of emerging technologies to international business law. The presentation is based on recent  research examining whether an AI system trained on the United Nations Convention on Contracts  for the International Sale of Goods (CISG) can draft legally compliant international sales contracts  and translate them into blockchain smart contracts while identifying the practical and legal  limitations of AI-assisted legal contracting.   The session will be delivered as an expert presentation followed by a moderated discussion with  participants. It will present the research methodology, principal findings, and governance  implications while encouraging dialogue among policymakers, legal practitioners, researchers,  industry representatives, and technology experts. Participants will be invited to exchange  perspectives on the opportunities and limitations of AI-assisted legal contracting and on the legal,  institutional, and human oversight mechanisms that remain essential for responsible AI  governance.    Focal Point/Contact:    Hatem Mabrouk  Professor of International Business   School of Business  Tecnológico de Monterrey, Mexico  Email: hatem.mabrouk@tec.mx   Phone: +52 81 1166 0781"
p-2_ai_dialogue_concept_note_side_event_p-2_1.pdf,"Global Center on AI Governance, BRISD, EuroMedAI",From AI Governance Evidence to Local Readiness: Prototyping Public-Interest,"CONCEPT NOTE    First Session of the Global Dialogue on AI Governance  6–7 July 2026 I Palexpo, Geneva    From AI Governance Evidence to Local Readiness: Prototyping Public-Interest  AI through Intercultural Dialogue      Date & Time:  Mon 6 Jul, 14:15–15:00 CEST    Organizers:  Global Center on AI Governance, BRISD, EuroMedAI    Background and focus  300 words  The goal of ensuring societies benefit from AI while preventing its potential harms has become a  recurring commitment across global fora, international agreements, and national policy initiatives.  Yet these commitments do not guarantee that AI will improve people’s lives, especially at the local  level where public services, civic participation, and social inclusion are directly experienced.  Translating principles into action raises critical questions: What are the most pressing AI  governance challenges? Where are countries and regions making progress? How can global  evidence inform local AI readiness? And how can intercultural dialogue help build governance  frameworks that reflect regional legal traditions, civic cultures, linguistic diversity, and community  needs?   This session brings together three organizations tracing a path from AI governance evidence to local  readiness, through intercultural exchange and prototyping.  The Global Index on Responsible AI (GIRAI), developed by GCG, compiles first-hand data from 130+  countries examining national commitments, institutional capacity, and policy implementation.  Built through a research network rooted in the Global Majority, GIRAI reflects a core premise: global  findings must be grounded in local evidence. GCG will share initial insights and reflect on the  challenges of capturing diverse local perspectives — voices too often absent from policy debates.  EuroMedAI contributes a Mediterranean perspective on translating global AI governance evidence  into local readiness. Building on its AI maturity assessment of the South Mediterranean, EuroMedAI  works with regional stakeholders to develop an AI governance readiness framework for local  governments in the South Mediterranean. The session will be an opportunity to present an initial  roadmap of the framework, invite feedback from participants, and explore how intercultural   dialogue can help adapt global AI principles to regional legal traditions, civic cultures, and  community needs.  BRISD focuses on youth and professionals from the Global South directly affected by AI decisions  but rarely represented in policy spaces. Through prototyping, participants analyze governance  challenges from their own countries using accessible AI tools and assess what those tools capture  — and what they miss.    Speakers  ● Nicolás Grossman - Global Center on Ai Governance: Nicolás Grossman is the Project  Director of the Global Index on Responsible AI at the Global Center on AI Governance  (GCG). He is a sociologist and journalist with extensive experience leading global research  initiatives focused on data for the public good and responsible AI.  ● Mohamed ALOUANE — EuroMedAI: Mohamed is a Development Program Specialist and  civil society expert with over a decade of experience driving impact across the  Mediterranean region. His work centers on advancing theories of change within key areas  such as democratic governance, inclusive economic growth, AI governance, and digital  inclusion.  ● BRISD —Imran khan — BRISD: Imran Khan is a computer engineer and AI practitioner,  implementing artificial intelligence systems across industry. He serves as Director of AI  Safety and Technical Governance at BRISD, where he leads work on responsible AI  development, algorithmic accountability, and governance frameworks for emerging  technologies. Imran is also a certified AWS PartyRock Educator, recognised by Amazon for  his commitment to democratising AI literacy and empowering the next generation of  practitioners and policymakers.   Format  The session runs for 45 minutes and follows a structured three-part format.  ● Welcome and agenda (6 min) — Brief welcome and session framing by the co-organizing  partners.  ● Presentations (33 min) — Each organization delivers an 11-minute presentation. GCG  opens with evidence and initial insights from GIRAI; EuroMedAI follows with the  intercultural and local governance perspective; BRISD closes with a participatory  prototyping demonstration, drawing on pre-session work with a small group of participants  who will have engaged with the AI policy tool in advance.  ● Closing reflection (5 min) — Moderator-led synthesis and key takeaways.    Focal Point/Contact: GCG — Sally Kuria, sally@globalcenter.ai, +254 725 203307  BRISD — Imran Khan, imrankkofficial@gmail.com, +92 333 9858607  EuroMedAI — Mohamed Alouane, contact@euromedai.org, +212 661 50 40 31"
p-5_concept_note_0.pdf,"France, Spain, the EU, Kenya",Children are rights-holders under the most widely ratified human rights treaty in history - the,"Co-sponsored by France, Spain, the EU, Kenya Side-event – Joining efforts for Children’s Rights and Protection  in the Age of Artificial Intelligence Tuesday 7 July, 12.45-13.30 – Room K Concept note and run of show 1. Context     Children are rights-holders under the most widely ratified human rights treaty in history - the  Convention on the Rights of the Child - yet AI governance frameworks have largely treated them as an  afterthought: a vulnerable sub-group requiring protection, rather than full rights-holders entitled to  participation, access, non-discrimination, and redress.  Children are also the clearest test of whether  global AI governance can translate principles into practice. If governance frameworks cannot stop the  proliferation of AI-generated child sexual abuse material, prevent algorithmic discrimination in welfare  and justice systems, protect children's sensitive personal data, and close the access gap so that no  children are left behind, as well as enable their meaningful participation in decisions that affect them,  they will not deliver for anyone. Many of the emerging risks for children (including deepfake-enabled exploitation, harmful content  amplification and manipulative chatbots) are driven by generative and adaptive AI systems, whose  rapid deployment outpaces the safeguards currently in place for child-facing services. Safe-by-design  approaches and responsible AI practices are therefore increasingly critical considerations in addressing  AI-related risks for children. Over the past months, children’s rights and protection in the age of AI have been central to a growing  number of national and regional jurisdictions’ considerations on AI governance. These issues have also  been at the forefront of recent multilateral discussions, including the Africa Forward Summit (Nairobi,  11-12 May) and the French G7 presidency which culminated with the Evian Summit (15-17 June). For many countries, and across Africa in particular, the question is also one of equitable participation in  the age of AI. Children are among the fastest-growing users of digital technologies, but they are often  served by systems that do not reflect their languages, cultures, contexts, protection needs, or public  education realities. This makes children's rights in AI not only a safety concern, but also a question of  inclusion, digital sovereignty, public-interest innovation, and development. The first Global Dialogue on AI Governance offers an opportunity for all Member states, UN entities and  all stakeholders committed to ensure that the development and deployment of artificial intelligence  upholds the safety, healthy development and rights of every child to join forces through the launch of a  Coalition for Children’s Rights and Protection in the Age of Artificial Intelligence. 2. Objectives     As children’s rights and protection in the age of AI spans across all four pillars of the Dialogue, the  proposed side-events aims at identifying areas of focus and existing initiatives or commitments that  could feed into an actionable roadmap for members of the Coalition, to be designed following the  Geneva Dialogue. The Coalition should also identify practical areas for pilot cooperation, including child rights impact  assessments,  AI  safety  guidance  for  schools,  capacity-building  for  child  protection  institutions,  multilingual and culturally grounded AI tools, mechanisms for reporting and responding to AI-enabled   Co-sponsored by France, Spain, the EU, Kenya harms affecting children, strengthening coordination among all stakeholders; and enhancing best- practice sharing (including through the Independent Scientific Panel on AI). Below are some guiding questions that could help frame interventions in this regard: Cluster 1 (opportunities and implications): Where are the documented opportunities of AI for children,  in education, health, child protection and accessibility, and how can global norms support their  equitable diffusion rather than commercial capture of public services? How can AI systems better  support children’s rights and well-being across different contexts, while addressing the specific risks  that may arise in AI mediated environments? Cluster 2 (bridging divides): What would a children's dimension to AI and data sovereignty look like in  practice; what responsibilities should AI developers bear for linguistic and cultural inclusion and how  can capacity-building reach the educators and caregivers who shape children's AI exposure? How can  AI systems used by children be designed for linguistic diversity, local content, disability inclusion, and  African cultural contexts, and how can public digital infrastructure support safe and equitable access  for learners, educators, parents, and caregivers? Cluster 3 (safe, secure, trustworthy AI): What interoperable standards would address the AI-generated  child sexual abuse material (CSAM) crisis, the rise of harmful direct-to-consumer chatbots, and the  under-regulated risks of anthropomorphism and substitution in systems used by children? How can AI,  trusted data systems, and  responsible  public mobilization strengthen national child  protection  systems, including efforts to identify missing children, detect online exploitation, support referral  pathways, and improve coordination between families, schools, platforms, law enforcement, and child  protection agencies?  Cluster 4 (human rights, transparency, accountability): What governance mechanisms - including child  rights impact assessment, independent benchmarking of AI systems against child rights standards, and  binding algorithmic transparency requirements and technical safeguards in child-facing services - are  needed to make accountability verifiable rather than aspirational, and how can meaningful child  participation be embedded in these frameworks? 3. Format     - Opening by Member States co-sponsoring the event (15 minutes) o Mr. Óscar López Águeda, Minister for Digital Transformation – Spain o Mr. Roberto Viola, Director General of DG CONNECT – EU Commission  o Minister / Tech Envoy – Kenya o Ms. Clara Chappaz, Ambassador for Digital and AI – France - Scene-setting and interventions from UN entities (15 minutes) o Ms. Doreen Bogdan-Martin, ITU Secretary-General o Mr. Volker Türk, UN High Commissioner for Human Rights o Ms.  Mariya  Gabriel,  UNESCO  Assistant  Director-General  for  Communication  and  Information o Mr. Amandeep Gill, Under-Secretary-General and Special Envoy for Digital and Emerging  Technologies o Mr. Kaan Cetinturk, UNICEF Global CIO and Director for Digital Impact - Interventions from supporting Member states and other stakeholders (15 minutes)   Co-sponsored by France, Spain, the EU, Kenya o Mr. Meutya Viada Hafid, Minister of Communications and Digital Affairs of the Republic of  Indonesia o Mr. João Brant, Secretary for Digital Policies at the Presidency of the Republic of Brazil o Mr. Alexander Pröll, Austrian State Secretary for Digital Affairs o Dr. Takuo Imagawa, Vice Minister for International, Ministry of Internal Affairs and  communications, Japan o Mr.  Mark  Schaan,  Associate  Deputy  Minister,  Innovation,  Science  and  Economic  Development Canada o Executive Director of El Salvador’s National Agency for Artificial Intelligence o Mr. Rein Tammsaar, Permanent representative of Estonia to the UN in New York o Mr. Angel Bandjov, Permanent Representative of Bulgaria to the UN in Geneva - Photo-op of joining members of the Coalition"
p-7_concept_note_un_algorithms_africa_ai_workers_template-filled.pdf,"Africa AI Policy Lab (Lawyers Hub), lead · London School of Economics and Political Science · International Labour",The Algorithms That Bedevil African AI Workers,"CONCEPT NOTE  First Session of the Global Dialogue on AI Governance  6–7 July 2026 I Palexpo, Geneva    The Algorithms That Bedevil African AI Workers    Date & Time:  Monday 6 July 2026, 13:30–14:15 CEST · Room G (capacity 100) · Event P-7 (ID 260)    Organizers:  Africa AI Policy Lab (Lawyers Hub), lead · London School of Economics and Political Science · International Labour  Organization · Kenya Union of Gig Workers (KUGWO) · Macmillan Keck, Attorneys & Solicitors · Government of India (IndiaAI)  Background and focus  African data labellers, content moderators, and platform workers train and maintain the systems the world now calls artificial  intelligence. They sit at the base of the global AI supply chain and work under algorithmic management they cannot see, query, or  contest. Documented cases across the continent show sub-poverty pay, traumatic exposure to harmful content, and accounts  deactivated by automated systems without human review or recourse. When scrutiny rises in one jurisdiction, the work moves to  another, and the platform-as-contractor model keeps the firm at arm’s length from any duty of care.  The ground shifted in June 2026, when the International Labour Conference adopted Convention No. 193 on decent work in the  platform economy, the first binding international standard written for this work. It covers platform workers whether or not they hold  an employment relationship, sets safeguards on algorithmic management and on suspension and deactivation, ties employment status  to factual reality and not to contract wording, and pulls intermediaries and cross-border operators inside its scope. The standard now  exists. African ratification and the national measures that turn text into protection do not yet, and that gap is where this session works.  The discussion turns documented harm into a working agenda, asking what ratification and a national rulebook for Convention No.  193 should look like across African AI strategy and continental instruments, with a standing cross-partner group to carry the drafting  towards the 2027 Dialogue.  Speakers and Format  A 45-minute panel that will highlight African worker experience at the global dialogue and member states/institutions that can act.  The session chair will open with framing, and worker testimonies will anchor the discussion. Adam Lederer and Kenneth Agengo  then present the evidence together: a short documentary on AI worker rights and concerns alongside the gig-worker findings of the  Africa AI Governance Index, launched on the sidelines of the Summit on 5 July 2026. The panel will discuss evidence against  Convention No. 193, a structured audience exchange  on national implementation, and the moderator closes on the model provisions  named.   Speakers:  i. Linda Bonyo, moderator (Lawyers Hub and the Africa AI Policy Lab).  ii. Frida Mwangi, worker testimony (Kenya Union of Gig Workers).  iii. Adam Lederer (Lawyers Hub), evidence.  iv. Kenneth Agengo (Lawyers Hub), documentary.  v. Caroline Fredrickson, Director, Research Department, International Labour Organization.  vi. Dr Florian Ostmann, Distinguished Policy Fellow, Data Science Institute, LSE.  vii. Rory Macmillan, Partner, Macmillan Keck, Attorneys & Solicitors.  viii. Maria Mbeneka (Lawyers Hub; Advocate of the High Court of Kenya).  ix. Dr Yash Tadimalla (AI Impact Coalition).  x. Shreeppriya Gopalakrishnan, Deputy General Manager, IndiaAI (Government of India) (TBC).  Focal Point/Contact:  Kenneth Agengo, Communications Manager, Lawyers Hub. ken@lawyershubafrica.com  communications@lawyershub.org  +254  784 840228 · www.lawyershub.org · www.aipolicy.africa"
